home_team_id,away_team_id,home_win,sequenceNumber,homeWinProbability,homeScore,scoringPlay,priority,statYardage,awayScore,wallclock,modified,id,text,period.number,start.distance,start.yardLine,start.team.id,start.down,start.yardsToEndzone,clock.displayValue,type.id,type.text,type.abbreviation,end.shortDownDistanceText,end.possessionText,end.downDistanceText,end.distance,end.yardLine,end.team.id,end.down,end.yardsToEndzone,start.shortDownDistanceText,start.possessionText,start.downDistanceText,scoringType.displayName,scoringType.name,scoringType.abbreviation,minutes_remaining,game_completed,phat_A,phat_B,Y
4.0,33.0,1.0,100,0.44,,,,,,,,,,,,,,,,,,,,,,,,,,,,,,,,,,,,0.44,0.44,1.0
,,,3600,0.433,0.0,False,False,0.0,0.0,2018-09-14T00:22:45Z,2018-09-30T09:48Z,40103069036.0,"R.Bullock kicks 65 yards from CIN 35 to end zone, Touchback.",1.0,0.0,35.0,4.0,0.0,65.0,15:00,53.0,Kickoff,K,1st & 10,BAL 25,1st & 10 at BAL 25,10.0,75.0,33.0,1.0,75.0,,,,,,,60.0,0.0,0.433,0.44,1.0
,,,6000,0.464,0.0,False,False,0.0,0.0,2018-09-14T00:23:26Z,2018-09-30T09:48Z,40103069060.0,(15:00) (Shotgun) J.Flacco pass incomplete short middle to M.Crabtree (H.Nickerson).,1.0,10.0,75.0,33.0,1.0,75.0,15:00,3.0,Pass Incompletion,,2nd & 10,BAL 25,2nd & 10 at BAL 25,10.0,75.0,33.0,2.0,75.0,1st & 10,BAL 25,1st & 10 at BAL 25,,,,60.0,0.0,0.464,0.44,1.0
,,,8200,0.532,0.0,False,False,1.0,0.0,2018-09-14T00:24:02Z,2018-09-30T09:48Z,40103069082.0,(14:57) A.Collins right tackle to BLT 26 for 1 yard (D.Kirkpatrick; N.Vigil).,1.0,10.0,75.0,33.0,2.0,75.0,14:57,5.0,Rush,RUSH,2nd & 11,BAL 26,2nd & 11 at BAL 26,11.0,74.0,4.0,2.0,79.0,2nd & 10,BAL 25,2nd & 10 at BAL 25,,,,59.95,0.08333333333332416,0.532,0.44,1.0
,,,10300,0.502,0.0,False,False,-1.0,0.0,2018-09-14T00:24:43Z,2018-09-30T09:48Z,401030690103.0,(14:15) (Shotgun) J.Flacco sacked at BLT 25 for -1 yards (G.Atkins).,1.0,9.0,74.0,33.0,3.0,74.0,14:15,7.0,Sack,,4th & 11,BAL 25,4th & 11 at BAL 25,11.0,75.0,4.0,4.0,80.0,3rd & 9,BAL 26,3rd & 9 at BAL 26,,,,59.25,1.2499999999999956,0.502,0.44,1.0
,,,12200,0.427,0.0,False,False,16.0,0.0,2018-09-14T00:25:21Z,2018-09-30T09:48Z,401030690122.0,"(13:37) S.Koch punts 55 yards to CIN 20, Center-M.Cox. D.Phillips MUFFS catch, and recovers at CIN 15. D.Phillips to CIN 31 for 16 yards (J.Allen).",1.0,10.0,75.0,33.0,4.0,75.0,13:37,52.0,Punt,PUNT,4th & 11,CIN 31,4th & 11 at CIN 31,11.0,31.0,4.0,4.0,69.0,4th & 10,BAL 25,4th & 10 at BAL 25,,,,58.61666666666667,2.3055555555555496,0.427,0.44,1.0
,,,16000,0.462,0.0,False,False,-1.0,0.0,2018-09-14T00:26:17Z,2018-09-30T09:48Z,401030690160.0,(13:24) J.Mixon left tackle to CIN 30 for -1 yards (C.Wormley).,1.0,10.0,31.0,4.0,1.0,69.0,13:24,5.0,Rush,RUSH,2nd & 11,CIN 30,2nd & 11 at CIN 30,11.0,30.0,4.0,2.0,70.0,1st & 10,CIN 31,1st & 10 at CIN 31,,,,58.4,2.6666666666666727,0.462,0.44,1.0
,,,18100,0.448,0.0,False,False,0.0,0.0,2018-09-14T00:26:55Z,2018-09-30T09:48Z,401030690181.0,(12:46) (Shotgun) A.Dalton pass incomplete short right to A.Green (E.Weddle).,1.0,11.0,30.0,4.0,2.0,70.0,12:46,3.0,Pass Incompletion,,3rd & 11,CIN 30,3rd & 11 at CIN 30,11.0,30.0,4.0,3.0,70.0,2nd & 11,CIN 30,2nd & 11 at CIN 30,,,,57.766666666666666,3.7222222222222268,0.448,0.44,1.0
,,,21500,0.417,0.0,False,False,0.0,0.0,2018-09-14T00:27:44Z,2018-09-30T09:48Z,401030690215.0,"(12:41) (Shotgun) A.Dalton pass incomplete deep middle to T.Boyd. BLT-C.Mosley was injured during the play. His return is Questionable.  Penalty on CIN-G.Bernard, Tripping, declined.",1.0,11.0,30.0,4.0,3.0,64.0,12:41,3.0,Pass Incompletion,,2nd & 21,CIN 30,2nd & 21 at CIN 30,21.0,30.0,33.0,2.0,70.0,3rd & 11,CIN 30,3rd & 11 at CIN 30,,,,57.68333333333334,3.861111111111104,0.417,0.44,1.0
,,,23700,0.42,0.0,False,False,-5.0,0.0,2018-09-14T00:28:40Z,2018-09-30T09:48Z,401030690237.0,"(12:37) (Punt formation) PENALTY on CIN-B.Wilson, False Start, 5 yards, enforced at CIN 30 - No Play.",1.0,11.0,30.0,4.0,4.0,70.0,12:37,8.0,Penalty,PEN,4th & 16,CIN 25,4th & 16 at CIN 25,16.0,25.0,4.0,4.0,75.0,4th & 11,CIN 30,4th & 11 at CIN 30,,,,57.61666666666667,3.9722222222222214,0.42,0.44,1.0
,,,30400,0.584,0.0,False,False,-2.0,0.0,2018-09-14T00:29:14Z,2018-09-30T09:48Z,401030690304.0,"(12:37) K.Huber punts 55 yards to BLT 20, Center-C.Harris. J.Grant to BLT 22 for 2 yards (T.McRae; C.Fejedelem). FUMBLES (T.McRae), recovered by BLT-T.Young at BLT 18. T.Young to BLT 18 for no gain (V.Rey).",1.0,16.0,25.0,4.0,4.0,75.0,12:37,52.0,Punt,PUNT,1st & 10,BAL 18,1st & 10 at BAL 18,10.0,82.0,4.0,1.0,82.0,4th & 16,CIN 25,4th & 16 at CIN 25,,,,57.61666666666667,3.9722222222222214,0.584,0.44,1.0
,,,34500,0.589,0.0,False,False,21.0,0.0,2018-09-14T00:32:18Z,2018-09-30T09:48Z,401030690345.0,(12:24) (Shotgun) J.Flacco pass deep right intended for M.Crabtree INTERCEPTED by J.Bates at BLT 37. J.Bates to BLT 16 for 21 yards (M.Crabtree).,1.0,10.0,82.0,33.0,1.0,82.0,12:24,26.0,Pass Interception Return,INTR,1st & 10,BAL 16,1st & 10 at BAL 16,10.0,84.0,4.0,1.0,16.0,1st & 10,BAL 18,1st & 10 at BAL 18,,,,57.4,4.333333333333334,0.589,0.44,1.0
,,,37100,0.551,0.0,False,False,0.0,0.0,2018-09-14T00:33:25Z,2018-09-30T09:48Z,401030690371.0,"(12:13) (Shotgun) A.Dalton pass deep right intended for A.Green INTERCEPTED by E.Weddle (B.Carr) at BLT -2. Touchback. The Replay Official reviewed the interception ruling, and the play was REVERSED. (Shotgun) A.Dalton pass incomplete deep right to A.Green (B.Carr).",1.0,10.0,84.0,4.0,1.0,16.0,12:13,3.0,Pass Incompletion,,2nd & 10,BAL 16,2nd & 10 at BAL 16,10.0,84.0,4.0,2.0,16.0,1st & 10,BAL 16,1st & 10 at BAL 16,,,,57.21666666666667,4.638888888888881,0.551,0.44,1.0
,,,44900,0.557,0.0,False,False,4.0,0.0,2018-09-14T00:37:30Z,2018-09-30T09:48Z,401030690449.0,(12:08) (Shotgun) J.Mixon right tackle to BLT 12 for 4 yards (B.Urban; M.Pierce).,1.0,10.0,84.0,4.0,2.0,16.0,12:08,5.0,Rush,RUSH,3rd & 6,BAL 12,3rd & 6 at BAL 12,6.0,88.0,4.0,3.0,12.0,2nd & 10,BAL 16,2nd & 10 at BAL 16,,,,57.13333333333333,4.77777777777778,0.557,0.44,1.0
,,,47000,0.638,0.0,False,False,11.0,0.0,2018-09-14T00:38:11Z,2018-09-30T09:48Z,401030690470.0,"(11:27) (Shotgun) A.Dalton pass incomplete short right to T.Eifert. PENALTY on BLT-T.Jefferson, Defensive Pass Interference, 11 yards, enforced at BLT 12 - No Play.",1.0,6.0,88.0,4.0,3.0,12.0,11:27,3.0,Pass Incompletion,,1st & 10,BAL 1,1st & 10 at BAL 1,10.0,99.0,4.0,1.0,1.0,3rd & 6,BAL 12,3rd & 6 at BAL 12,,,,56.45,5.916666666666659,0.638,0.44,1.0
,,,50300,0.594,0.0,False,False,-3.0,0.0,2018-09-14T00:39:11Z,2018-09-30T09:48Z,401030690503.0,(11:22) J.Mixon right end to BLT 4 for -3 yards (M.Humphrey).,1.0,1.0,99.0,4.0,1.0,1.0,11:22,5.0,Rush,RUSH,2nd & Goal,BAL 4,2nd & Goal at BAL 4,4.0,96.0,4.0,2.0,4.0,1st & Goal,BAL 1,1st & Goal at BAL 1,,,,56.36666666666667,6.055555555555559,0.594,0.44,1.0
,,,52400,0.635,7.0,True,False,4.0,0.0,2018-09-14T00:39:53Z,2018-09-30T09:48Z,401030690524.0,"A.J. Green Pass From Andy Dalton for 4 Yrds R.Bullock extra point is GOOD, Center-C.Harris, Holder-K.Huber.",1.0,4.0,96.0,4.0,2.0,4.0,10:35,67.0,Passing Touchdown,TD,,,,10.0,100.0,4.0,-1.0,15.0,2nd & Goal,BAL 4,2nd & Goal at BAL 4,Touchdown,touchdown,TD,55.583333333333336,7.361111111111107,0.635,0.44,1.0
,,,56500,0.625,7.0,False,False,32.0,0.0,2018-09-14T00:43:36Z,2018-09-30T09:48Z,401030690565.0,R.Bullock kicks 68 yards from CIN 35 to BLT -3. J.Grant pushed ob at BLT 29 for 32 yards (D.Dennard).,1.0,0.0,103.0,4.0,0.0,65.0,10:35,12.0,Kickoff Return (Offense),,,,,10.0,71.0,33.0,-1.0,99.0,,,,,,,55.583333333333336,7.361111111111107,0.625,0.44,1.0
,,,60200,0.665,7.0,False,False,-5.0,0.0,2018-09-14T00:44:28Z,2018-09-30T09:48Z,401030690602.0,"(10:30) PENALTY on BLT-N.Boyle, False Start, 5 yards, enforced at BLT 29 - No Play.",1.0,10.0,71.0,33.0,1.0,71.0,10:30,8.0,Penalty,PEN,1st & 15,BAL 24,1st & 15 at BAL 24,15.0,76.0,33.0,1.0,76.0,1st & 10,BAL 29,1st & 10 at BAL 29,,,,55.5,7.499999999999996,0.665,0.44,1.0
,,,62500,0.646,7.0,False,False,7.0,0.0,2018-09-14T00:44:57Z,2018-09-30T09:48Z,401030690625.0,(10:30) A.Collins right guard to BLT 31 for 7 yards (J.Evans).,1.0,15.0,76.0,33.0,1.0,76.0,10:30,5.0,Rush,RUSH,2nd & 8,BAL 31,2nd & 8 at BAL 31,8.0,69.0,33.0,2.0,69.0,1st & 15,BAL 24,1st & 15 at BAL 24,,,,55.5,7.499999999999996,0.646,0.44,1.0
,,,64600,0.599,7.0,False,False,16.0,0.0,2018-09-14T00:45:30Z,2018-09-30T09:48Z,401030690646.0,(9:56) J.Flacco pass short middle to M.Crabtree to BLT 47 for 16 yards (J.Bates).,1.0,8.0,69.0,33.0,2.0,69.0,9:56,24.0,Pass Reception,REC,1st & 10,BAL 47,1st & 10 at BAL 47,10.0,53.0,33.0,1.0,53.0,2nd & 8,BAL 31,2nd & 8 at BAL 31,,,,54.93333333333334,8.444444444444443,0.599,0.44,1.0
,,,67000,0.67,7.0,False,False,-11.0,0.0,2018-09-14T00:46:10Z,2018-09-30T09:48Z,401030690670.0,(9:16) (Shotgun) J.Flacco sacked at BLT 36 for -11 yards (S.Hubbard).,1.0,10.0,53.0,33.0,1.0,53.0,9:16,7.0,Sack,,2nd & 21,BAL 36,2nd & 21 at BAL 36,21.0,64.0,33.0,2.0,64.0,1st & 10,BAL 47,1st & 10 at BAL 47,,,,54.266666666666666,9.55555555555556,0.67,0.44,1.0
,,,71600,0.721,7.0,False,False,14.0,0.0,2018-09-14T00:47:12Z,2018-09-30T09:48Z,401030690716.0,"(9:03) {BLT #8, L.Jackson, in at QB} (Shotgun) A.Collins right end to 50 for 14 yards (H.Nickerson).",1.0,21.0,64.0,33.0,2.0,64.0,9:03,5.0,Rush,RUSH,1st & 10,50,1st & 10 at 50,10.0,50.0,4.0,1.0,50.0,2nd & 21,BAL 36,2nd & 21 at BAL 36,,,,54.05,9.916666666666673,0.721,0.44,1.0
,,,73700,0.598,7.0,False,False,0.0,0.0,2018-09-14T00:47:54Z,2018-09-30T09:48Z,401030690737.0,(8:21) {J.Flacco back at QB} (Shotgun) J.Flacco pass incomplete deep right to M.Crabtree.,1.0,7.0,50.0,33.0,3.0,12.0,8:21,3.0,Pass Incompletion,,1st & 10,50,1st & 10 at 50,10.0,50.0,33.0,1.0,50.0,3rd & 7,50,3rd & 7 at 50,,,,53.35,11.083333333333334,0.598,0.44,1.0
,,,75900,0.684,7.0,False,False,0.0,0.0,2018-09-14T00:48:31Z,2018-09-30T09:48Z,401030690759.0,"(8:17) S.Koch punts 50 yards to end zone, Center-M.Cox, Touchback.",1.0,7.0,50.0,33.0,4.0,50.0,8:17,52.0,Punt,PUNT,,,,10.0,0.0,4.0,1.0,80.0,4th & 7,50,4th & 7 at 50,,,,53.28333333333333,11.194444444444452,0.684,0.44,1.0
,,,77600,0.645,7.0,False,False,29.0,0.0,2018-09-14T00:51:26Z,2018-09-30T09:48Z,401030690776.0,(8:10) A.Dalton pass short right to C.Uzomah to CIN 49 for 29 yards (E.Weddle) [M.Judon].,1.0,10.0,20.0,4.0,1.0,80.0,8:10,24.0,Pass Reception,REC,2nd & 14,CIN 49,2nd & 14 at CIN 49,14.0,49.0,33.0,2.0,51.0,1st & 10,CIN 20,1st & 10 at CIN 20,,,,53.166666666666664,11.388888888888893,0.645,0.44,1.0
,,,80800,0.739,7.0,False,False,11.0,0.0,2018-09-14T00:52:01Z,2018-09-30T09:48Z,401030690808.0,(7:36) (Shotgun) G.Bernard left end to BLT 40 for 11 yards (T.Jefferson).,1.0,10.0,49.0,4.0,1.0,51.0,7:36,5.0,Rush,RUSH,1st & 10,BAL 40,1st & 10 at BAL 40,10.0,60.0,4.0,1.0,40.0,1st & 10,CIN 49,1st & 10 at CIN 49,,,,52.6,12.333333333333329,0.739,0.44,1.0
,,,82900,0.755,7.0,False,False,8.0,0.0,2018-09-14T00:52:33Z,2018-09-30T09:48Z,401030690829.0,(7:03) (Shotgun) A.Dalton pass short left to G.Bernard pushed ob at BLT 32 for 8 yards (M.Humphrey).,1.0,10.0,60.0,4.0,1.0,40.0,7:03,24.0,Pass Reception,REC,2nd & 2,BAL 32,2nd & 2 at BAL 32,2.0,68.0,4.0,2.0,32.0,1st & 10,BAL 40,1st & 10 at BAL 40,,,,52.05,13.250000000000007,0.755,0.44,1.0
,,,85800,0.701,7.0,False,False,0.0,0.0,2018-09-14T00:53:03Z,2018-09-30T09:48Z,401030690858.0,(6:37) (Shotgun) A.Dalton pass incomplete short left to G.Bernard (T.Suggs).,1.0,2.0,68.0,4.0,2.0,79.0,6:37,3.0,Pass Incompletion,,4th & 14,BAL 32,4th & 14 at BAL 32,14.0,68.0,33.0,4.0,32.0,2nd & 2,BAL 32,2nd & 2 at BAL 32,,,,51.61666666666667,13.97222222222222,0.701,0.44,1.0
,,,88000,0.814,14.0,True,False,32.0,0.0,2018-09-14T00:53:47Z,2018-09-30T09:48Z,401030690880.0,A.J. Green 32 Yd pass from Andy Dalton (Randy Bullock Kick),1.0,2.0,68.0,4.0,3.0,32.0,6:26,67.0,Passing Touchdown,TD,,,,10.0,100.0,4.0,-1.0,15.0,3rd & 2,BAL 32,3rd & 2 at BAL 32,Touchdown,touchdown,TD,51.43333333333334,14.277777777777768,0.814,0.44,1.0
,,,92100,0.81,14.0,False,False,0.0,0.0,2018-09-14T00:55:54Z,2018-09-30T09:48Z,401030690921.0,"R.Bullock kicks 65 yards from CIN 35 to end zone, Touchback.",1.0,0.0,35.0,4.0,0.0,65.0,6:26,53.0,Kickoff,K,1st & 10,BAL 25,1st & 10 at BAL 25,10.0,75.0,33.0,1.0,75.0,,,,,,,51.43333333333334,14.277777777777768,0.81,0.44,1.0
,,,93600,0.827,14.0,False,False,1.0,0.0,2018-09-14T00:56:39Z,2018-09-30T09:48Z,401030690936.0,(6:26) A.Collins left tackle to BLT 26 for 1 yard (J.Evans).,1.0,10.0,75.0,33.0,1.0,75.0,6:26,5.0,Rush,RUSH,2nd & 9,BAL 26,2nd & 9 at BAL 26,9.0,74.0,33.0,2.0,74.0,1st & 10,BAL 25,1st & 10 at BAL 25,,,,51.43333333333334,14.277777777777768,0.827,0.44,1.0
,,,95700,0.844,14.0,False,False,-5.0,0.0,2018-09-14T00:57:19Z,2018-09-30T09:48Z,401030690957.0,"(5:43) PENALTY on BLT-N.Boyle, False Start, 5 yards, enforced at BLT 26 - No Play.",1.0,9.0,74.0,33.0,2.0,74.0,5:43,8.0,Penalty,PEN,2nd & 14,BAL 21,2nd & 14 at BAL 21,14.0,79.0,33.0,2.0,79.0,2nd & 9,BAL 26,2nd & 9 at BAL 26,,,,50.71666666666667,15.472222222222221,0.844,0.44,1.0
,,,98000,0.84,14.0,False,False,5.0,0.0,2018-09-14T00:58:00Z,2018-09-30T09:48Z,401030690980.0,(5:28) (Shotgun) J.Flacco pass short right to W.Snead IV to BLT 26 for 5 yards (H.Nickerson).,1.0,14.0,79.0,33.0,2.0,79.0,5:28,24.0,Pass Reception,REC,3rd & 9,BAL 26,3rd & 9 at BAL 26,9.0,74.0,33.0,3.0,74.0,2nd & 14,BAL 21,2nd & 14 at BAL 21,,,,50.46666666666667,15.888888888888886,0.84,0.44,1.0
,,,100400,0.895,14.0,False,False,-5.0,0.0,2018-09-14T00:58:39Z,2018-09-30T09:48Z,4010306901004.0,(4:49) (Shotgun) J.Flacco sacked at BLT 21 for -5 yards (G.Atkins).,1.0,9.0,74.0,33.0,3.0,74.0,4:49,7.0,Sack,,2nd & 4,BAL 21,2nd & 4 at BAL 21,4.0,79.0,4.0,2.0,79.0,3rd & 9,BAL 26,3rd & 9 at BAL 26,,,,49.81666666666666,16.972222222222232,0.895,0.44,1.0
,,,102300,0.856,14.0,False,False,8.0,0.0,2018-09-14T00:59:22Z,2018-09-30T09:48Z,4010306901023.0,"(4:06) S.Koch punts 59 yards to CIN 20, Center-M.Cox. D.Phillips to CIN 28 for 8 yards (K.Young).",1.0,14.0,79.0,33.0,4.0,79.0,4:06,52.0,Punt,PUNT,1st & 10,CIN 28,1st & 10 at CIN 28,10.0,28.0,4.0,1.0,72.0,4th & 14,BAL 21,4th & 14 at BAL 21,,,,49.1,18.166666666666664,0.856,0.44,1.0
,,,104800,0.866,14.0,False,False,11.0,0.0,2018-09-14T01:00:19Z,2018-09-30T09:48Z,4010306901048.0,(3:55) J.Mixon right guard to CIN 39 for 11 yards (M.Humphrey).,1.0,10.0,28.0,4.0,1.0,72.0,3:55,5.0,Rush,RUSH,1st & 10,CIN 39,1st & 10 at CIN 39,10.0,39.0,4.0,1.0,61.0,1st & 10,CIN 28,1st & 10 at CIN 28,,,,48.916666666666664,18.47222222222222,0.866,0.44,1.0
,,,106900,0.851,14.0,False,False,1.0,0.0,2018-09-14T01:00:55Z,2018-09-30T09:48Z,4010306901069.0,(3:19) (Shotgun) J.Mixon up the middle to CIN 40 for 1 yard (T.Jefferson; M.Pierce).,1.0,10.0,39.0,4.0,1.0,61.0,3:19,5.0,Rush,RUSH,2nd & 9,CIN 40,2nd & 9 at CIN 40,9.0,40.0,4.0,2.0,60.0,1st & 10,CIN 39,1st & 10 at CIN 39,,,,48.31666666666666,19.472222222222225,0.851,0.44,1.0
,,,109000,0.891,14.0,False,False,27.0,0.0,2018-09-14T01:01:30Z,2018-09-30T09:48Z,4010306901090.0,(2:44) (Pass formation) A.Dalton pass deep left to T.Boyd to BLT 33 for 27 yards (T.Jefferson).,1.0,9.0,40.0,4.0,2.0,60.0,2:44,24.0,Pass Reception,REC,1st & 10,BAL 33,1st & 10 at BAL 33,10.0,67.0,4.0,1.0,33.0,2nd & 9,CIN 40,2nd & 9 at CIN 40,,,,47.733333333333334,20.444444444444443,0.891,0.44,1.0
,,,111400,0.881,14.0,False,False,6.0,0.0,2018-09-14T01:02:02Z,2018-09-30T09:48Z,4010306901114.0,(2:13) (Shotgun) A.Dalton pass short right to T.Boyd pushed ob at BLT 27 for 6 yards (T.Young).,1.0,10.0,67.0,4.0,1.0,33.0,2:13,24.0,Pass Reception,REC,3rd & 7,BAL 27,3rd & 7 at BAL 27,7.0,73.0,4.0,3.0,27.0,1st & 10,BAL 33,1st & 10 at BAL 33,,,,47.21666666666667,21.305555555555557,0.881,0.44,1.0
,,,114300,0.904,14.0,False,False,5.0,0.0,2018-09-14T01:02:43Z,2018-09-30T09:48Z,4010306901143.0,(1:36) (Shotgun) J.Mixon right tackle to BLT 22 for 5 yards (P.Onwuasor; B.Williams).,1.0,4.0,73.0,4.0,2.0,27.0,1:36,5.0,Rush,RUSH,1st & 10,BAL 22,1st & 10 at BAL 22,10.0,78.0,4.0,1.0,22.0,2nd & 4,BAL 27,2nd & 4 at BAL 27,,,,46.6,22.33333333333333,0.904,0.44,1.0
,,,116400,0.905,14.0,False,False,5.0,0.0,2018-09-14T01:03:12Z,2018-09-30T09:48Z,4010306901164.0,(1:08) (Shotgun) J.Mixon left guard to BLT 17 for 5 yards (T.Young). CIN-B.Price was injured during the play.,1.0,10.0,78.0,4.0,1.0,22.0,1:08,5.0,Rush,RUSH,2nd & 5,BAL 17,2nd & 5 at BAL 17,5.0,83.0,4.0,2.0,17.0,1st & 10,BAL 22,1st & 10 at BAL 22,,,,46.13333333333333,23.111111111111114,0.905,0.44,1.0
,,,118800,0.917,14.0,False,False,5.0,0.0,2018-09-14T01:05:29Z,2018-09-30T09:48Z,4010306901188.0,(:42) (Shotgun) A.Dalton pass short left to T.Kroft to BLT 12 for 5 yards (K.Young).,1.0,5.0,83.0,4.0,2.0,17.0,0:42,24.0,Pass Reception,REC,1st & 10,BAL 12,1st & 10 at BAL 12,10.0,88.0,4.0,1.0,12.0,2nd & 5,BAL 17,2nd & 5 at BAL 17,,,,45.7,23.83333333333333,0.917,0.44,1.0
,,,121200,0.9,14.0,False,False,0.0,0.0,2018-09-14T01:06:05Z,2018-09-30T09:48Z,4010306901212.0,(:06) (Shotgun) A.Dalton pass incomplete short middle to T.Eifert (T.Jefferson).,1.0,10.0,88.0,4.0,1.0,12.0,0:06,3.0,Pass Incompletion,,2nd & 10,BAL 12,2nd & 10 at BAL 12,10.0,88.0,4.0,2.0,12.0,1st & 10,BAL 12,1st & 10 at BAL 12,,,,45.1,24.83333333333333,0.9,0.44,1.0
,,,124600,0.887,14.0,False,False,-3.0,0.0,2018-09-14T01:06:45Z,2018-09-30T09:48Z,4010306901246.0,(:02) J.Ross right end to BLT 15 for -3 yards (M.Judon). {end around},1.0,10.0,88.0,4.0,2.0,12.0,0:02,5.0,Rush,RUSH,3rd & 13,BAL 15,3rd & 13 at BAL 15,13.0,85.0,4.0,3.0,15.0,2nd & 10,BAL 12,2nd & 10 at BAL 12,,,,45.03333333333333,24.944444444444446,0.887,0.44,1.0
,,,127100,0.888,14.0,False,False,0.0,0.0,2018-09-14T01:06:45Z,2018-09-30T09:48Z,4010306901271.0,END QUARTER 1,1.0,0.0,0.0,,3.0,15.0,0:00,2.0,End Period,EP,3rd & 13,BAL 15,3rd & 13 at BAL 15,13.0,85.0,4.0,3.0,15.0,,,,,,,45.0,25.0,0.888,0.44,1.0
,,,128800,0.922,14.0,False,False,5.0,0.0,2018-09-14T01:09:49Z,2018-09-30T09:48Z,4010306901288.0,"(15:00) (Shotgun) A.Dalton pass short right to G.Bernard to BLT 14 for 1 yard (A.Levine Sr.). PENALTY on BLT-T.Suggs, Illegal Use of Hands, 5 yards, enforced at BLT 15 - No Play.",2.0,13.0,85.0,4.0,3.0,15.0,15:00,24.0,Pass Reception,REC,1st & 10,BAL 10,1st & 10 at BAL 10,10.0,90.0,4.0,1.0,13.0,3rd & 13,BAL 15,3rd & 13 at BAL 15,,,,45.0,25.0,0.922,0.44,1.0
,,,132400,0.903,14.0,False,False,0.0,0.0,2018-09-14T01:10:51Z,2018-09-30T09:48Z,4010306901324.0,(14:34) J.Mixon up the middle to BLT 10 for no gain (K.Young).,2.0,10.0,90.0,4.0,1.0,10.0,14:34,5.0,Rush,RUSH,2nd & Goal,BAL 10,2nd & Goal at BAL 10,10.0,90.0,4.0,2.0,10.0,1st & Goal,BAL 10,1st & Goal at BAL 10,,,,44.56666666666666,25.722222222222225,0.903,0.44,1.0
,,,134500,0.904,14.0,False,False,3.0,0.0,2018-09-14T01:11:35Z,2018-09-30T09:48Z,4010306901345.0,(13:50) A.Dalton pass short right to J.Mixon to BLT 7 for 3 yards (K.Young; B.Carr).,2.0,10.0,90.0,4.0,2.0,10.0,13:50,24.0,Pass Reception,REC,3rd & Goal,BAL 7,3rd & Goal at BAL 7,7.0,93.0,4.0,3.0,7.0,2nd & Goal,BAL 10,2nd & Goal at BAL 10,,,,43.833333333333336,26.944444444444436,0.904,0.44,1.0
,,,136900,0.941,21.0,True,False,7.0,0.0,2018-09-14T01:12:19Z,2018-09-30T09:48Z,4010306901369.0,"A.J. Green Pass From Andy Dalton for 7 Yrds R.Bullock extra point is GOOD, Center-C.Harris, Holder-K.Huber.",2.0,7.0,93.0,4.0,3.0,7.0,13:02,67.0,Passing Touchdown,TD,,,,10.0,100.0,4.0,-1.0,15.0,3rd & Goal,BAL 7,3rd & Goal at BAL 7,Touchdown,touchdown,TD,43.03333333333333,28.27777777777778,0.941,0.44,1.0
,,,143700,0.939,20.0,False,False,-5.0,0.0,,2018-09-30T09:48Z,4010306901394.0,"(Kick formation) PENALTY on CIN, Delay of Game, 5 yards, enforced at BLT 15 - No Play.",2.0,0.0,85.0,4.0,0.0,0.0,13:02,8.0,Penalty,PEN,,,,0.0,0.0,,0.0,0.0, & Goal,BAL 15, & Goal at BAL 15,,,,43.03333333333333,28.27777777777778,0.939,0.44,1.0
,,,145200,0.947,21.0,False,False,0.0,0.0,2018-09-14T01:16:44Z,2018-09-30T09:48Z,4010306901437.0,"R.Bullock kicks 65 yards from CIN 35 to end zone, Touchback.",2.0,0.0,35.0,4.0,0.0,65.0,13:02,53.0,Kickoff,K,1st & 10,BAL 25,1st & 10 at BAL 25,10.0,75.0,33.0,1.0,75.0,,,,,,,43.03333333333333,28.27777777777778,0.947,0.44,1.0
,,,147400,0.935,21.0,False,False,0.0,0.0,2018-09-14T01:17:25Z,2018-09-30T09:48Z,4010306901452.0,(13:02) (Shotgun) J.Flacco pass incomplete short left to M.Andrews (W.Jackson).,2.0,10.0,75.0,33.0,1.0,75.0,13:02,3.0,Pass Incompletion,,2nd & 10,BAL 25,2nd & 10 at BAL 25,10.0,75.0,33.0,2.0,75.0,1st & 10,BAL 25,1st & 10 at BAL 25,,,,43.03333333333333,28.27777777777778,0.935,0.44,1.0
,,,149800,0.933,21.0,False,False,9.0,0.0,2018-09-14T01:17:59Z,2018-09-30T09:48Z,4010306901474.0,(12:58) J.Flacco pass short right to J.Brown to BLT 34 for 9 yards (D.Kirkpatrick).,2.0,10.0,75.0,33.0,2.0,75.0,12:58,24.0,Pass Reception,REC,3rd & 1,BAL 34,3rd & 1 at BAL 34,1.0,66.0,33.0,3.0,66.0,2nd & 10,BAL 25,2nd & 10 at BAL 25,,,,42.96666666666667,28.388888888888886,0.933,0.44,1.0
,,,151900,0.94,21.0,False,False,3.0,0.0,2018-09-14T01:18:33Z,2018-09-30T09:48Z,4010306901498.0,(12:24) J.Flacco up the middle to BLT 37 for 3 yards (J.Evans).,2.0,1.0,66.0,33.0,3.0,66.0,12:24,5.0,Rush,RUSH,1st & 10,BAL 37,1st & 10 at BAL 37,10.0,63.0,33.0,1.0,63.0,3rd & 1,BAL 34,3rd & 1 at BAL 34,,,,42.4,29.333333333333332,0.94,0.44,1.0
,,,154000,0.955,21.0,False,False,2.0,0.0,2018-09-14T01:19:06Z,2018-09-30T09:48Z,4010306901519.0,(11:51) C.Moore right end to BLT 39 for 2 yards (S.Williams).,2.0,10.0,63.0,33.0,1.0,63.0,11:51,5.0,Rush,RUSH,2nd & 8,BAL 39,2nd & 8 at BAL 39,8.0,61.0,33.0,2.0,61.0,1st & 10,BAL 37,1st & 10 at BAL 37,,,,41.85,30.25,0.955,0.44,1.0
,,,156100,0.91,21.0,False,False,-7.0,0.0,2018-09-14T01:19:41Z,2018-09-30T09:48Z,4010306901540.0,(11:15) (Shotgun) J.Allen left end to BLT 32 for -7 yards (S.Hubbard).,2.0,8.0,61.0,33.0,2.0,61.0,11:15,5.0,Rush,RUSH,3rd & 15,BAL 32,3rd & 15 at BAL 32,15.0,68.0,33.0,3.0,69.0,2nd & 8,BAL 39,2nd & 8 at BAL 39,,,,41.25,31.25,0.91,0.44,1.0
,,,158500,0.898,21.0,False,False,45.0,0.0,2018-09-14T01:20:24Z,2018-09-30T09:48Z,4010306901561.0,(10:32) (Shotgun) J.Flacco pass deep middle to J.Brown to CIN 23 for 45 yards (S.Williams).,2.0,15.0,68.0,33.0,3.0,68.0,10:32,24.0,Pass Reception,REC,1st & 10,CIN 23,1st & 10 at CIN 23,10.0,23.0,33.0,1.0,23.0,3rd & 15,BAL 32,3rd & 15 at BAL 32,,,,40.53333333333333,32.44444444444444,0.898,0.44,1.0
,,,160900,0.952,21.0,False,False,10.0,0.0,2018-09-14T01:20:58Z,2018-09-30T09:48Z,4010306901585.0,(10:00) J.Flacco pass short middle to M.Crabtree to CIN 13 for 10 yards (N.Vigil).,2.0,10.0,23.0,33.0,1.0,23.0,10:00,24.0,Pass Reception,REC,1st & 10,CIN 13,1st & 10 at CIN 13,10.0,13.0,33.0,1.0,13.0,1st & 10,CIN 23,1st & 10 at CIN 23,,,,40.0,33.333333333333336,0.952,0.44,1.0
,,,163000,0.892,21.0,False,False,5.0,0.0,2018-09-14T01:21:38Z,2018-09-30T09:48Z,4010306901609.0,(9:19) {Jackson in at QB} (Shotgun) L.Jackson right end to CIN 8 for 5 yards (S.Williams; N.Vigil).,2.0,10.0,13.0,33.0,1.0,13.0,9:19,5.0,Rush,RUSH,1st & 10,CIN 8,1st & 10 at CIN 8,10.0,8.0,4.0,1.0,8.0,1st & 10,CIN 13,1st & 10 at CIN 13,,,,39.31666666666666,34.47222222222223,0.892,0.44,1.0
,,,167700,0.887,21.0,False,False,0.0,0.0,2018-09-14T01:22:20Z,2018-09-30T09:48Z,4010306901630.0,(8:36) {Flacco in at QB} (Shotgun) J.Flacco pass incomplete short right to A.Collins.,2.0,5.0,8.0,33.0,2.0,12.0,8:36,3.0,Pass Incompletion,,1st & 10,CIN 8,1st & 10 at CIN 8,10.0,8.0,33.0,1.0,8.0,2nd & 5,CIN 8,2nd & 5 at CIN 8,,,,38.6,35.66666666666667,0.887,0.44,1.0
,,,171000,0.883,21.0,False,False,7.0,0.0,2018-09-14T01:23:06Z,2018-09-30T09:48Z,4010306901677.0,"(8:29) (Shotgun) J.Flacco pass incomplete short left to M.Andrews (D.Dennard). PENALTY on CIN-D.Dennard, Defensive Pass Interference, 7 yards, enforced at CIN 8 - No Play.",2.0,5.0,8.0,33.0,3.0,8.0,8:29,3.0,Pass Incompletion,,1st & Goal,CIN 1,1st & Goal at CIN 1,1.0,1.0,33.0,1.0,1.0,3rd & 5,CIN 8,3rd & 5 at CIN 8,,,,38.483333333333334,35.86111111111111,0.883,0.44,1.0
,,,174800,0.883,21.0,True,False,1.0,7.0,2018-09-14T01:24:03Z,2018-09-30T09:48Z,4010306901710.0,"Javorius Allen 1 Yard Rush J.Tucker extra point is GOOD, Center-M.Cox, Holder-S.Koch.",2.0,1.0,1.0,33.0,1.0,1.0,8:20,68.0,Rushing Touchdown,TD,,,,10.0,0.0,33.0,-1.0,15.0,1st & Goal,CIN 1,1st & Goal at CIN 1,Touchdown,touchdown,TD,38.333333333333336,36.11111111111111,0.883,0.44,1.0
,,,177000,0.895,21.0,False,False,25.0,7.0,2018-09-14T01:28:15Z,2018-09-30T09:48Z,4010306901748.0,J.Tucker kicks 68 yards from BLT 35 to CIN -3. A.Erickson to CIN 22 for 25 yards (T.Bowser).,2.0,0.0,-3.0,33.0,0.0,65.0,8:20,12.0,Kickoff Return (Offense),,,,,10.0,22.0,4.0,-1.0,78.0,,,,,,,38.333333333333336,36.11111111111111,0.895,0.44,1.0
,,,180300,0.89,21.0,False,False,15.0,7.0,2018-09-14T01:29:04Z,2018-09-30T09:48Z,4010306901770.0,"(8:15) A.Dalton pass incomplete short right to J.Mixon (Z.Smith) [M.Judon]. PENALTY on BLT-M.Judon, Roughing the Passer, 15 yards, enforced at CIN 22 - No Play.",2.0,10.0,22.0,4.0,1.0,78.0,8:15,3.0,Pass Incompletion,,1st & 9,CIN 37,1st & 9 at CIN 37,9.0,37.0,4.0,1.0,63.0,1st & 10,CIN 22,1st & 10 at CIN 22,,,,38.25,36.25000000000001,0.89,0.44,1.0
,,,182000,0.874,21.0,False,False,0.0,7.0,2018-09-14T01:30:19Z,2018-09-30T09:48Z,4010306901803.0,Timeout #1 by CIN at 08:10.,2.0,10.0,37.0,4.0,1.0,63.0,8:10,21.0,Timeout,TO,1st & 10,CIN 37,1st & 10 at CIN 37,10.0,37.0,4.0,1.0,63.0,,,,,,,38.166666666666664,36.38888888888889,0.874,0.44,1.0
,,,184100,0.892,21.0,False,False,1.0,7.0,2018-09-14T01:31:10Z,2018-09-30T09:48Z,4010306901820.0,(8:10) J.Mixon left tackle to CIN 38 for 1 yard (Z.Smith).,2.0,10.0,37.0,4.0,1.0,63.0,8:10,5.0,Rush,RUSH,2nd & 9,CIN 38,2nd & 9 at CIN 38,9.0,38.0,4.0,2.0,62.0,1st & 10,CIN 37,1st & 10 at CIN 37,,,,38.166666666666664,36.38888888888889,0.892,0.44,1.0
,,,186500,0.909,21.0,False,False,0.0,7.0,2018-09-14T01:31:48Z,2018-09-30T09:48Z,4010306901841.0,(7:32) (Shotgun) A.Dalton pass short middle to G.Bernard to CIN 38 for no gain (K.Young; T.Jefferson).,2.0,9.0,38.0,4.0,2.0,62.0,7:32,24.0,Pass Reception,REC,1st & 10,CIN 38,1st & 10 at CIN 38,10.0,38.0,4.0,1.0,62.0,2nd & 9,CIN 38,2nd & 9 at CIN 38,,,,37.53333333333333,37.44444444444445,0.909,0.44,1.0
,,,190500,0.922,21.0,False,False,22.0,7.0,2018-09-14T01:32:32Z,2018-09-30T09:48Z,4010306901865.0,"(6:48) (Shotgun) A.Dalton pass deep right to T.Boyd pushed ob at BLT 40 for 22 yards (T.Young). Penalty on BLT-T.Suggs, Defensive Offside, declined.",2.0,9.0,38.0,4.0,3.0,62.0,6:48,24.0,Pass Reception,REC,1st & 10,BAL 40,1st & 10 at BAL 40,10.0,60.0,4.0,1.0,40.0,3rd & 9,CIN 38,3rd & 9 at CIN 38,,,,36.8,38.66666666666667,0.922,0.44,1.0
,,,192600,0.919,21.0,False,False,9.0,7.0,2018-09-14T01:33:20Z,2018-09-30T09:48Z,4010306901905.0,(6:25) (Shotgun) J.Mixon right tackle to BLT 31 for 9 yards (K.Young; P.Onwuasor).,2.0,10.0,60.0,4.0,1.0,40.0,6:25,5.0,Rush,RUSH,2nd & 1,BAL 31,2nd & 1 at BAL 31,1.0,69.0,4.0,2.0,31.0,1st & 10,BAL 40,1st & 10 at BAL 40,,,,36.416666666666664,39.30555555555556,0.919,0.44,1.0
,,,194800,0.848,21.0,False,False,0.0,7.0,2018-09-14T01:33:52Z,2018-09-30T09:48Z,4010306901926.0,(5:53) (Shotgun) A.Dalton pass incomplete short right to C.Uzomah.,2.0,1.0,69.0,4.0,2.0,31.0,5:53,3.0,Pass Incompletion,,3rd & 1,BAL 31,3rd & 1 at BAL 31,1.0,69.0,4.0,3.0,31.0,2nd & 1,BAL 31,2nd & 1 at BAL 31,,,,35.88333333333333,40.19444444444444,0.848,0.44,1.0
,,,196900,0.862,21.0,False,False,3.0,7.0,2018-09-14T01:34:16Z,2018-09-30T09:48Z,4010306901948.0,(5:49) (Shotgun) J.Mixon right guard to BLT 28 for 3 yards (P.Onwuasor).,2.0,1.0,69.0,4.0,3.0,31.0,5:49,5.0,Rush,RUSH,2nd & 1,BAL 28,2nd & 1 at BAL 28,1.0,72.0,33.0,2.0,28.0,3rd & 1,BAL 31,3rd & 1 at BAL 31,,,,35.81666666666666,40.305555555555564,0.862,0.44,1.0
,,,199300,0.862,21.0,False,False,4.0,7.0,2018-09-14T01:34:55Z,2018-09-30T09:48Z,4010306901969.0,(5:10) (Shotgun) A.Dalton pass short left to C.Uzomah to BLT 24 for 4 yards (T.Jefferson).,2.0,10.0,72.0,4.0,1.0,28.0,5:10,24.0,Pass Reception,REC,1st & 10,BAL 24,1st & 10 at BAL 24,10.0,76.0,33.0,1.0,24.0,1st & 10,BAL 28,1st & 10 at BAL 28,,,,35.166666666666664,41.3888888888889,0.862,0.44,1.0
,,,202900,0.914,21.0,False,False,18.0,7.0,2018-09-14T01:35:33Z,2018-09-30T09:48Z,4010306901993.0,"(4:32) J.Mixon up the middle to BLT 15 for 9 yards (E.Weddle, M.Humphrey). PENALTY on CIN-B.Hart, Offensive Holding, 10 yards, enforced at BLT 16. {Mixon credited with 8 yard rush due to penalty}",2.0,6.0,76.0,4.0,2.0,24.0,4:32,5.0,Rush,RUSH,1st & 10,BAL 26,1st & 10 at BAL 26,10.0,74.0,33.0,1.0,26.0,2nd & 6,BAL 24,2nd & 6 at BAL 24,,,,34.53333333333333,42.44444444444445,0.914,0.44,1.0
,,,205100,0.914,21.0,False,False,0.0,7.0,2018-09-14T01:36:34Z,2018-09-30T09:48Z,4010306902029.0,(4:04) (Shotgun) A.Dalton pass incomplete short left to J.Ross.,2.0,8.0,74.0,4.0,2.0,26.0,4:04,3.0,Pass Incompletion,,3rd & 8,BAL 26,3rd & 8 at BAL 26,8.0,74.0,4.0,3.0,26.0,2nd & 8,BAL 26,2nd & 8 at BAL 26,,,,34.06666666666666,43.22222222222223,0.914,0.44,1.0
,,,207500,0.925,21.0,False,False,17.0,7.0,2018-09-14T01:37:14Z,2018-09-30T09:48Z,4010306902051.0,(3:59) (Shotgun) A.Dalton pass short middle to T.Boyd to BLT 9 for 17 yards (E.Weddle).,2.0,8.0,74.0,4.0,3.0,26.0,3:59,24.0,Pass Reception,REC,4th & 10,BAL 9,4th & 10 at BAL 9,10.0,91.0,4.0,4.0,9.0,3rd & 8,BAL 26,3rd & 8 at BAL 26,,,,33.983333333333334,43.36111111111111,0.925,0.44,1.0
,,,210800,0.921,21.0,False,False,-5.0,7.0,2018-09-14T01:38:03Z,2018-09-30T09:48Z,4010306902075.0,"(3:10) (Shotgun) A.Dalton pass incomplete short left to T.Boyd. PENALTY on CIN-T.Boyd, Illegal Shift, 5 yards, enforced at BLT 9 - No Play.",2.0,9.0,91.0,4.0,1.0,9.0,3:10,3.0,Pass Incompletion,,1st & Goal,BAL 14,1st & Goal at BAL 14,14.0,86.0,4.0,1.0,14.0,1st & Goal,BAL 9,1st & Goal at BAL 9,,,,33.166666666666664,44.72222222222223,0.921,0.44,1.0
,,,213000,0.96,21.0,False,False,0.0,7.0,2018-09-14T01:39:05Z,2018-09-30T09:48Z,4010306902108.0,(3:07) (Shotgun) A.Dalton pass incomplete short right to J.Ross.,2.0,14.0,86.0,4.0,1.0,14.0,3:07,3.0,Pass Incompletion,,2nd & Goal,BAL 14,2nd & Goal at BAL 14,14.0,86.0,4.0,2.0,14.0,1st & Goal,BAL 14,1st & Goal at BAL 14,,,,33.11666666666667,44.80555555555556,0.96,0.44,1.0
,,,217100,0.959,28.0,True,False,14.0,7.0,2018-09-14T01:39:43Z,2018-09-30T09:48Z,4010306902130.0,"Tyler Boyd Pass From Andy Dalton for 14 Yrds R.Bullock extra point is GOOD, Center-C.Harris, Holder-K.Huber.",2.0,14.0,86.0,4.0,2.0,14.0,2:58,67.0,Passing Touchdown,TD,,,,10.0,100.0,4.0,-1.0,15.0,2nd & Goal,BAL 14,2nd & Goal at BAL 14,Touchdown,touchdown,TD,32.96666666666667,45.05555555555555,0.959,0.44,1.0
,,,219600,0.954,28.0,False,False,0.0,7.0,2018-09-14T01:43:31Z,2018-09-30T09:48Z,4010306902171.0,"R.Bullock kicks 65 yards from CIN 35 to end zone, Touchback.",2.0,0.0,35.0,4.0,0.0,65.0,2:58,53.0,Kickoff,K,1st & 10,BAL 25,1st & 10 at BAL 25,10.0,75.0,33.0,1.0,99.0,,,,,,,32.96666666666667,45.05555555555555,0.954,0.44,1.0
,,,222000,0.955,28.0,False,False,9.0,7.0,2018-09-14T01:44:14Z,2018-09-30T09:48Z,4010306902196.0,(2:58) (Shotgun) J.Flacco pass short left to A.Collins to BLT 34 for 9 yards (H.Nickerson).,2.0,10.0,75.0,33.0,1.0,75.0,2:58,24.0,Pass Reception,REC,2nd & 1,BAL 34,2nd & 1 at BAL 34,1.0,66.0,33.0,2.0,66.0,1st & 10,BAL 25,1st & 10 at BAL 25,,,,32.96666666666667,45.05555555555555,0.955,0.44,1.0
,,,224100,0.954,28.0,False,False,0.0,7.0,2018-09-14T01:44:40Z,2018-09-30T09:48Z,4010306902220.0,(2:33) (Shotgun) A.Collins right guard to BLT 34 for no gain (C.Dunlap).,2.0,1.0,66.0,33.0,2.0,66.0,2:33,5.0,Rush,RUSH,1st & 10,BAL 34,1st & 10 at BAL 34,10.0,66.0,33.0,1.0,61.0,2nd & 1,BAL 34,2nd & 1 at BAL 34,,,,32.55,45.75,0.954,0.44,1.0
,,,226200,0.955,28.0,False,False,3.0,7.0,2018-09-14T01:45:08Z,2018-09-30T09:48Z,4010306902241.0,(2:05) J.Flacco up the middle to BLT 37 for 3 yards (G.Atkins; S.Hubbard).,2.0,1.0,66.0,33.0,3.0,66.0,2:05,5.0,Rush,RUSH,1st & 10,BAL 37,1st & 10 at BAL 37,10.0,63.0,33.0,1.0,64.0,3rd & 1,BAL 34,3rd & 1 at BAL 34,,,,32.083333333333336,46.52777777777778,0.955,0.44,1.0
,,,227900,0.946,28.0,False,False,0.0,7.0,2018-09-14T01:45:35Z,2018-09-30T09:48Z,4010306902262.0,Two-Minute Warning,2.0,10.0,64.0,33.0,1.0,64.0,2:00,75.0,Two-minute warning,2Min Warn,1st & 10,BAL 36,1st & 10 at BAL 36,10.0,64.0,33.0,1.0,64.0,,,,,,,32.0,46.666666666666664,0.946,0.44,1.0
,,,230300,0.948,28.0,False,False,19.0,7.0,2018-09-14T01:48:02Z,2018-09-30T09:48Z,4010306902279.0,(2:00) (Shotgun) J.Flacco pass short middle to W.Snead IV to CIN 44 for 19 yards (D.Dennard).,2.0,10.0,63.0,33.0,1.0,63.0,2:00,24.0,Pass Reception,REC,1st & 10,CIN 44,1st & 10 at CIN 44,10.0,44.0,33.0,1.0,44.0,1st & 10,BAL 37,1st & 10 at BAL 37,,,,32.0,46.666666666666664,0.948,0.44,1.0
,,,232500,0.956,28.0,False,False,0.0,7.0,2018-09-14T01:48:25Z,2018-09-30T09:48Z,4010306902303.0,(1:38) (Shotgun) J.Flacco pass incomplete short left to J.Brown (W.Jackson).,2.0,10.0,44.0,33.0,1.0,12.0,1:38,3.0,Pass Incompletion,,1st & 10,CIN 44,1st & 10 at CIN 44,10.0,44.0,33.0,1.0,44.0,1st & 10,CIN 44,1st & 10 at CIN 44,,,,31.633333333333333,47.27777777777777,0.956,0.44,1.0
,,,235100,0.972,28.0,False,False,6.0,7.0,2018-09-14T01:48:59Z,2018-09-30T09:48Z,4010306902325.0,(1:33) J.Allen left end pushed ob at CIN 38 for 6 yards (S.Williams).,2.0,10.0,44.0,33.0,2.0,44.0,1:33,5.0,Rush,RUSH,3rd & 4,CIN 38,3rd & 4 at CIN 38,4.0,38.0,33.0,3.0,44.0,2nd & 10,CIN 44,2nd & 10 at CIN 44,,,,31.55,47.416666666666664,0.972,0.44,1.0
,,,237300,0.974,28.0,False,False,0.0,7.0,2018-09-14T01:49:41Z,2018-09-30T09:48Z,4010306902351.0,(1:29) (Shotgun) J.Flacco pass incomplete short middle to M.Crabtree.,2.0,4.0,38.0,33.0,3.0,38.0,1:29,3.0,Pass Incompletion,,4th & 4,CIN 38,4th & 4 at CIN 38,4.0,38.0,33.0,4.0,38.0,3rd & 4,CIN 38,3rd & 4 at CIN 38,,,,31.483333333333334,47.52777777777778,0.974,0.44,1.0
,,,239500,0.948,28.0,False,False,0.0,7.0,2018-09-14T01:50:24Z,2018-09-30T09:48Z,4010306902373.0,(1:25) (Shotgun) J.Flacco pass incomplete short left to W.Snead IV.,2.0,4.0,38.0,33.0,4.0,62.0,1:25,3.0,Pass Incompletion,,1st & 10,CIN 38,1st & 10 at CIN 38,10.0,38.0,4.0,1.0,62.0,4th & 4,CIN 38,4th & 4 at CIN 38,,,,31.416666666666668,47.638888888888886,0.948,0.44,1.0
,,,242100,0.972,28.0,False,False,0.0,7.0,2018-09-14T01:51:19Z,2018-09-30T09:48Z,4010306902395.0,(1:22) (Shotgun) A.Dalton pass incomplete short right to G.Bernard (T.Suggs). {knocked down at the line of scrimmage},2.0,10.0,38.0,4.0,1.0,65.0,1:21,3.0,Pass Incompletion,,1st & 10,CIN 38,1st & 10 at CIN 38,10.0,38.0,33.0,1.0,62.0,1st & 10,CIN 38,1st & 10 at CIN 38,,,,31.35,47.74999999999999,0.972,0.44,1.0
,,,244300,0.971,28.0,False,False,0.0,7.0,2018-09-14T01:51:58Z,2018-09-30T09:48Z,4010306902421.0,(1:17) (Shotgun) A.Dalton pass incomplete deep left to A.Green.,2.0,10.0,38.0,4.0,2.0,62.0,1:17,3.0,Pass Incompletion,,3rd & 10,CIN 38,3rd & 10 at CIN 38,10.0,38.0,4.0,3.0,62.0,2nd & 10,CIN 38,2nd & 10 at CIN 38,,,,31.28333333333333,47.86111111111111,0.971,0.44,1.0
,,,246500,0.973,28.0,False,False,0.0,7.0,2018-09-14T01:52:45Z,2018-09-30T09:48Z,4010306902443.0,(1:12) (Shotgun) A.Dalton pass incomplete short right to A.Green.,2.0,10.0,38.0,4.0,3.0,62.0,1:12,3.0,Pass Incompletion,,4th & 10,CIN 38,4th & 10 at CIN 38,10.0,38.0,4.0,4.0,62.0,3rd & 10,CIN 38,3rd & 10 at CIN 38,,,,31.2,48.0,0.973,0.44,1.0
,,,248400,0.974,28.0,False,False,0.0,7.0,2018-09-14T01:53:21Z,2018-09-30T09:48Z,4010306902465.0,"(1:08) K.Huber punts 43 yards to BLT 19, Center-C.Harris, fair catch by J.Grant.",2.0,10.0,38.0,4.0,4.0,62.0,1:08,52.0,Punt,PUNT,1st & 10,BAL 19,1st & 10 at BAL 19,10.0,81.0,33.0,1.0,81.0,4th & 10,CIN 38,4th & 10 at CIN 38,,,,31.133333333333333,48.111111111111114,0.974,0.44,1.0
,,,250600,0.962,28.0,False,False,0.0,7.0,2018-09-14T01:54:07Z,2018-09-30T09:48Z,4010306902484.0,(1:02) (Shotgun) J.Flacco pass incomplete deep middle to J.Brown (D.Kirkpatrick).,2.0,10.0,81.0,33.0,1.0,81.0,1:02,3.0,Pass Incompletion,,2nd & 10,BAL 19,2nd & 10 at BAL 19,10.0,81.0,33.0,2.0,81.0,1st & 10,BAL 19,1st & 10 at BAL 19,,,,31.033333333333335,48.27777777777777,0.962,0.44,1.0
,,,253000,0.967,28.0,False,False,22.0,7.0,2018-09-14T01:54:52Z,2018-09-30T09:48Z,4010306902506.0,(:54) (Shotgun) J.Flacco pass short middle to A.Collins to BLT 41 for 22 yards (C.Fejedelem).,2.0,10.0,81.0,33.0,2.0,81.0,0:54,24.0,Pass Reception,REC,1st & 10,BAL 41,1st & 10 at BAL 41,10.0,59.0,33.0,1.0,59.0,2nd & 10,BAL 19,2nd & 10 at BAL 19,,,,30.9,48.5,0.967,0.44,1.0
,,,254700,0.959,28.0,False,False,0.0,7.0,2018-09-14T01:55:27Z,2018-09-30T09:48Z,4010306902530.0,Timeout #1 by BLT at 00:42.,2.0,10.0,59.0,33.0,1.0,59.0,0:42,21.0,Timeout,TO,1st & 10,BAL 41,1st & 10 at BAL 41,10.0,59.0,33.0,1.0,59.0,,,,,,,30.7,48.83333333333334,0.959,0.44,1.0
,,,257100,0.962,28.0,False,False,17.0,7.0,2018-09-14T01:55:54Z,2018-09-30T09:48Z,4010306902547.0,(:42) (Shotgun) J.Flacco pass short right to M.Crabtree to CIN 42 for 17 yards (N.Vigil).,2.0,10.0,59.0,33.0,1.0,59.0,0:42,24.0,Pass Reception,REC,1st & 10,CIN 42,1st & 10 at CIN 42,10.0,42.0,33.0,1.0,42.0,1st & 10,BAL 41,1st & 10 at BAL 41,,,,30.7,48.83333333333334,0.962,0.44,1.0
,,,258800,0.956,28.0,False,False,0.0,7.0,2018-09-14T01:56:20Z,2018-09-30T09:48Z,4010306902571.0,Timeout #2 by BLT at 00:36.,2.0,10.0,42.0,33.0,1.0,42.0,0:42,21.0,Timeout,TO,1st & 10,CIN 42,1st & 10 at CIN 42,10.0,42.0,33.0,1.0,42.0,,,,,,,30.7,48.83333333333334,0.956,0.44,1.0
,,,261700,0.94,28.0,False,False,11.0,7.0,2018-09-14T01:56:51Z,2018-09-30T09:48Z,4010306902588.0,(:36) (Shotgun) J.Flacco pass short right to M.Andrews pushed ob at CIN 31 for 11 yards (N.Vigil) [G.Atkins].,2.0,10.0,42.0,33.0,1.0,42.0,0:36,24.0,Pass Reception,REC,1st & 10,CIN 31,1st & 10 at CIN 31,10.0,31.0,33.0,1.0,31.0,1st & 10,CIN 42,1st & 10 at CIN 42,,,,30.6,49.0,0.94,0.44,1.0
,,,265000,0.942,28.0,False,False,30.0,7.0,2018-09-14T01:57:28Z,2018-09-30T09:48Z,4010306902617.0,"(:30) (Shotgun) J.Flacco pass incomplete deep right to J.Brown. PENALTY on CIN-D.Kirkpatrick, Defensive Pass Interference, 30 yards, enforced at CIN 31 - No Play.",2.0,10.0,31.0,33.0,1.0,31.0,0:29,3.0,Pass Incompletion,,2nd & Goal,CIN 1,2nd & Goal at CIN 1,1.0,1.0,33.0,2.0,1.0,1st & 10,CIN 31,1st & 10 at CIN 31,,,,30.483333333333334,49.19444444444444,0.942,0.44,1.0
,,,267100,0.947,28.0,False,False,0.0,7.0,2018-09-14T01:58:28Z,2018-09-30T09:48Z,4010306902650.0,(:24) A.Collins right guard to CIN 1 for no gain (G.Atkins; S.Hubbard).,2.0,1.0,1.0,33.0,1.0,1.0,0:24,5.0,Rush,RUSH,2nd & Goal,CIN 1,2nd & Goal at CIN 1,1.0,1.0,33.0,2.0,1.0,1st & Goal,CIN 1,1st & Goal at CIN 1,,,,30.4,49.33333333333334,0.947,0.44,1.0
,,,268800,0.947,28.0,False,False,0.0,7.0,2018-09-14T01:58:56Z,2018-09-30T09:48Z,4010306902671.0,Timeout #3 by BLT at 00:16.,2.0,1.0,1.0,33.0,2.0,1.0,0:16,21.0,Timeout,TO,2nd & Goal,CIN 1,2nd & Goal at CIN 1,1.0,1.0,33.0,2.0,1.0,,,,,,,30.266666666666666,49.55555555555555,0.947,0.44,1.0
,,,270500,0.949,28.0,False,False,0.0,7.0,2018-09-14T02:00:35Z,2018-09-30T09:48Z,4010306902688.0,Timeout #2 by CIN at 00:16.,2.0,1.0,1.0,33.0,2.0,1.0,0:16,21.0,Timeout,TO,2nd & Goal,CIN 1,2nd & Goal at CIN 1,1.0,1.0,33.0,2.0,1.0,,,,,,,30.266666666666666,49.55555555555555,0.949,0.44,1.0
,,,272700,0.907,28.0,False,False,0.0,7.0,2018-09-14T02:01:25Z,2018-09-30T09:48Z,4010306902705.0,(:16) (Shotgun) J.Flacco pass incomplete short left to J.Brown.,2.0,1.0,1.0,33.0,2.0,1.0,0:16,3.0,Pass Incompletion,,3rd & Goal,CIN 1,3rd & Goal at CIN 1,1.0,1.0,33.0,3.0,1.0,2nd & Goal,CIN 1,2nd & Goal at CIN 1,,,,30.266666666666666,49.55555555555555,0.907,0.44,1.0
,,,276800,0.909,28.0,True,False,1.0,14.0,2018-09-14T02:02:08Z,2018-09-30T09:48Z,4010306902727.0,"Mark Andrews Pass From Joe Flacco for 1 Yard J.Tucker extra point is GOOD, Center-M.Cox, Holder-S.Koch.",2.0,1.0,1.0,33.0,3.0,1.0,0:08,67.0,Passing Touchdown,TD,,,,10.0,0.0,33.0,-1.0,15.0,3rd & Goal,CIN 1,3rd & Goal at CIN 1,Touchdown,touchdown,TD,30.133333333333333,49.77777777777778,0.909,0.44,1.0
,,,279400,0.919,28.0,False,False,11.0,14.0,2018-09-14T02:04:05Z,2018-09-30T09:48Z,4010306902768.0,"J.Tucker kicks 37 yards from BLT 35 to CIN 28. G.Bernard MUFFS catch, and recovers at CIN 28. G.Bernard to CIN 39 for 11 yards (C.Board).",2.0,0.0,28.0,33.0,0.0,65.0,0:08,12.0,Kickoff Return (Offense),,,,,10.0,39.0,4.0,-1.0,61.0,,,,,,,30.133333333333333,49.77777777777778,0.919,0.44,1.0
,,,281100,0.922,28.0,False,False,0.0,14.0,2018-09-14T01:48:25Z,2018-09-30T09:48Z,4010306902794.0,END QUARTER 2,2.0,0.0,0.0,,0.0,0.0,0:00,65.0,End of Half,EH,,,,10.0,65.0,33.0,1.0,65.0,,,,,,,30.0,50.0,0.922,0.44,1.0
,,,282600,0.932,28.0,False,False,0.0,14.0,2018-09-14T02:19:21Z,2018-09-30T09:48Z,4010306902811.0,"J.Tucker kicks 65 yards from BLT 35 to end zone, Touchback.",3.0,0.0,65.0,33.0,0.0,65.0,15:00,53.0,Kickoff,K,1st & 10,CIN 25,1st & 10 at CIN 25,10.0,25.0,4.0,1.0,75.0,,,,,,,30.0,50.0,0.932,0.44,1.0
,,,285000,0.91,28.0,False,False,16.0,14.0,2018-09-14T02:20:10Z,2018-09-30T09:48Z,4010306902826.0,(15:00) (Shotgun) A.Dalton pass short middle to T.Eifert to CIN 41 for 16 yards (E.Weddle; P.Onwuasor).,3.0,10.0,25.0,4.0,1.0,75.0,15:00,24.0,Pass Reception,REC,1st & 10,CIN 41,1st & 10 at CIN 41,10.0,41.0,4.0,1.0,59.0,1st & 10,CIN 25,1st & 10 at CIN 25,,,,30.0,50.0,0.91,0.44,1.0
,,,287600,0.894,28.0,False,False,0.0,14.0,2018-09-14T02:20:43Z,2018-09-30T09:48Z,4010306902850.0,(14:27) (Shotgun) A.Dalton pass incomplete short right to J.Malone (T.Suggs). {tipped at the line of scrimmage},3.0,10.0,41.0,4.0,1.0,59.0,14:27,3.0,Pass Incompletion,,2nd & 10,CIN 41,2nd & 10 at CIN 41,10.0,41.0,4.0,2.0,59.0,1st & 10,CIN 41,1st & 10 at CIN 41,,,,29.45,50.916666666666664,0.894,0.44,1.0
,,,290800,0.89,28.0,False,False,-10.0,14.0,2018-09-14T02:21:15Z,2018-09-30T09:48Z,4010306902876.0,"(14:24) (Shotgun) J.Mixon right end to CIN 47 for 6 yards (E.Weddle). PENALTY on CIN-Al.Redmond, Offensive Holding, 10 yards, enforced at CIN 41 - No Play.",3.0,10.0,41.0,4.0,2.0,59.0,14:24,5.0,Rush,RUSH,2nd & 20,CIN 31,2nd & 20 at CIN 31,20.0,31.0,4.0,2.0,69.0,2nd & 10,CIN 41,2nd & 10 at CIN 41,,,,29.4,51.0,0.89,0.44,1.0
,,,293400,0.887,28.0,False,False,0.0,14.0,2018-09-14T02:22:17Z,2018-09-30T09:48Z,4010306902908.0,(13:58) (Shotgun) A.Dalton pass incomplete short left [K.Young]. {thrown away},3.0,20.0,31.0,4.0,2.0,69.0,13:58,3.0,Pass Incompletion,,3rd & 20,CIN 31,3rd & 20 at CIN 31,20.0,31.0,4.0,3.0,69.0,2nd & 20,CIN 31,2nd & 20 at CIN 31,,,,28.96666666666667,51.72222222222223,0.887,0.44,1.0
,,,296000,0.883,28.0,False,False,0.0,14.0,2018-09-14T02:23:12Z,2018-09-30T09:48Z,4010306902934.0,(13:50) (Shotgun) A.Dalton pass incomplete short middle to G.Bernard (B.Urban). {tipped at the line of scrimmage},3.0,20.0,31.0,4.0,3.0,69.0,13:50,3.0,Pass Incompletion,,4th & 20,CIN 31,4th & 20 at CIN 31,20.0,31.0,4.0,4.0,69.0,3rd & 20,CIN 31,3rd & 20 at CIN 31,,,,28.833333333333336,51.944444444444436,0.883,0.44,1.0
,,,297900,0.854,28.0,False,False,0.0,14.0,2018-09-14T02:23:53Z,2018-09-30T09:48Z,4010306902960.0,"(13:44) K.Huber punts 34 yards to BLT 35, Center-C.Harris, downed by CIN-C.Fejedelem.",3.0,20.0,31.0,4.0,4.0,69.0,13:44,52.0,Punt,PUNT,1st & 10,BAL 35,1st & 10 at BAL 35,10.0,65.0,33.0,1.0,65.0,4th & 20,CIN 31,4th & 20 at CIN 31,,,,28.733333333333334,52.11111111111111,0.854,0.44,1.0
,,,300300,0.861,28.0,False,False,25.0,14.0,2018-09-14T02:26:42Z,2018-09-30T09:48Z,4010306902979.0,(13:36) J.Flacco pass deep left to M.Williams to CIN 40 for 25 yards (J.Bates).,3.0,10.0,65.0,33.0,1.0,65.0,13:36,24.0,Pass Reception,REC,1st & 10,CIN 40,1st & 10 at CIN 40,10.0,40.0,33.0,1.0,40.0,1st & 10,BAL 35,1st & 10 at BAL 35,,,,28.6,52.33333333333333,0.861,0.44,1.0
,,,302400,0.85,28.0,False,False,3.0,14.0,2018-09-14T02:27:08Z,2018-09-30T09:48Z,4010306903003.0,(13:10) (Shotgun) A.Collins up the middle to CIN 37 for 3 yards (J.Evans; G.Atkins).,3.0,10.0,40.0,33.0,1.0,40.0,13:10,5.0,Rush,RUSH,2nd & 7,CIN 37,2nd & 7 at CIN 37,7.0,37.0,33.0,2.0,37.0,1st & 10,CIN 40,1st & 10 at CIN 40,,,,28.166666666666664,53.055555555555564,0.85,0.44,1.0
,,,305500,0.85,28.0,False,False,0.0,14.0,2018-09-14T02:27:36Z,2018-09-30T09:48Z,4010306903024.0,(12:43) (Shotgun) J.Flacco pass incomplete short middle to N.Boyle (J.Willis).,3.0,7.0,37.0,33.0,2.0,65.0,12:43,3.0,Pass Incompletion,,1st & 10,CIN 37,1st & 10 at CIN 37,10.0,37.0,33.0,1.0,37.0,2nd & 7,CIN 37,2nd & 7 at CIN 37,,,,27.71666666666667,53.80555555555555,0.85,0.44,1.0
,,,308100,0.858,28.0,False,False,0.0,14.0,2018-09-14T02:28:15Z,2018-09-30T09:48Z,4010306903055.0,(12:40) (Shotgun) J.Flacco pass incomplete short middle to W.Snead IV (C.Dunlap). {knocked down at the line of scrimmage},3.0,7.0,37.0,33.0,3.0,65.0,12:40,3.0,Pass Incompletion,,1st & 10,CIN 37,1st & 10 at CIN 37,10.0,37.0,33.0,1.0,37.0,3rd & 7,CIN 37,3rd & 7 at CIN 37,,,,27.666666666666664,53.8888888888889,0.858,0.44,1.0
,,,310000,0.861,28.0,True,False,55.0,17.0,2018-09-14T02:28:56Z,2018-09-30T09:48Z,4010306903081.0,Justin Tucker 55 Yd Field Goal ,3.0,7.0,37.0,33.0,4.0,37.0,12:30,59.0,Field Goal Good,FG,,,,10.0,0.0,33.0,-1.0,65.0,4th & 7,CIN 37,4th & 7 at CIN 37,Field Goal,field-goal,FG,27.5,54.16666666666667,0.861,0.44,1.0
,,,312200,0.865,28.0,False,False,20.0,17.0,2018-09-14T02:31:56Z,2018-09-30T09:48Z,4010306903100.0,J.Tucker kicks 61 yards from BLT 35 to CIN 4. A.Erickson to CIN 24 for 20 yards (T.Williams; C.Board). BLT-C.Clark was injured during the play.,3.0,0.0,4.0,33.0,0.0,65.0,12:30,12.0,Kickoff Return (Offense),,,,,10.0,24.0,4.0,-1.0,76.0,,,,,,,27.5,54.16666666666667,0.865,0.44,1.0
,,,314700,0.875,28.0,False,False,7.0,17.0,2018-09-14T02:32:54Z,2018-09-30T09:48Z,4010306903122.0,(12:25) (Shotgun) J.Mixon right guard to CIN 31 for 7 yards (M.Humphrey).,3.0,10.0,24.0,4.0,1.0,76.0,12:25,5.0,Rush,RUSH,2nd & 3,CIN 31,2nd & 3 at CIN 31,3.0,31.0,4.0,2.0,70.0,1st & 10,CIN 24,1st & 10 at CIN 24,,,,27.416666666666664,54.305555555555564,0.875,0.44,1.0
,,,317100,0.857,28.0,False,False,6.0,17.0,2018-09-14T02:33:35Z,2018-09-30T09:48Z,4010306903147.0,(11:45) A.Dalton pass short left to T.Kroft to CIN 37 for 6 yards (P.Onwuasor).,3.0,3.0,31.0,4.0,2.0,69.0,11:45,24.0,Pass Reception,REC,1st & 10,CIN 37,1st & 10 at CIN 37,10.0,37.0,4.0,1.0,63.0,2nd & 3,CIN 31,2nd & 3 at CIN 31,,,,26.75,55.41666666666667,0.857,0.44,1.0
,,,319200,0.866,28.0,False,False,-2.0,17.0,2018-09-14T02:34:21Z,2018-09-30T09:48Z,4010306903171.0,(10:58) (Shotgun) J.Mixon left tackle to CIN 35 for -2 yards (K.Young).,3.0,10.0,37.0,4.0,1.0,63.0,10:58,5.0,Rush,RUSH,2nd & 12,CIN 35,2nd & 12 at CIN 35,12.0,35.0,4.0,2.0,65.0,1st & 10,CIN 37,1st & 10 at CIN 37,,,,25.96666666666667,56.72222222222222,0.866,0.44,1.0
,,,321600,0.856,28.0,False,False,5.0,17.0,2018-09-14T02:35:06Z,2018-09-30T09:48Z,4010306903192.0,(10:13) (Shotgun) A.Dalton pass short middle to T.Boyd to CIN 40 for 5 yards (T.Jefferson).,3.0,12.0,35.0,4.0,2.0,65.0,10:13,24.0,Pass Reception,REC,3rd & 7,CIN 40,3rd & 7 at CIN 40,7.0,40.0,4.0,3.0,60.0,2nd & 12,CIN 35,2nd & 12 at CIN 35,,,,25.21666666666667,57.97222222222223,0.856,0.44,1.0
,,,323900,0.793,28.0,False,False,-5.0,17.0,2018-09-14T02:35:51Z,2018-09-30T09:48Z,4010306903216.0,"(9:30) (Shotgun) PENALTY on CIN-C.Glenn, False Start, 5 yards, enforced at CIN 40 - No Play.",3.0,7.0,40.0,4.0,3.0,60.0,9:30,8.0,Penalty,PEN,3rd & 12,CIN 35,3rd & 12 at CIN 35,12.0,35.0,4.0,3.0,65.0,3rd & 7,CIN 40,3rd & 7 at CIN 40,,,,24.5,59.166666666666664,0.793,0.44,1.0
,,,326100,0.853,28.0,False,False,0.0,17.0,2018-09-14T02:36:23Z,2018-09-30T09:48Z,4010306903239.0,(9:23) (Shotgun) A.Dalton pass incomplete deep left to T.Boyd (M.Humphrey) [Z.Smith].,3.0,12.0,35.0,4.0,3.0,76.0,9:23,3.0,Pass Incompletion,,2nd & 7,CIN 35,2nd & 7 at CIN 35,7.0,35.0,33.0,2.0,65.0,3rd & 12,CIN 35,3rd & 12 at CIN 35,,,,24.383333333333333,59.36111111111111,0.853,0.44,1.0
,,,328000,0.86,28.0,False,False,0.0,17.0,2018-09-14T02:36:58Z,2018-09-30T09:48Z,4010306903261.0,"(9:17) K.Huber punts 44 yards to BLT 21, Center-C.Harris, fair catch by J.Grant.",3.0,12.0,35.0,4.0,4.0,65.0,9:17,52.0,Punt,PUNT,1st & 10,BAL 21,1st & 10 at BAL 21,10.0,79.0,33.0,1.0,79.0,4th & 12,CIN 35,4th & 12 at CIN 35,,,,24.28333333333333,59.52777777777778,0.86,0.44,1.0
,,,330100,0.818,28.0,False,False,3.0,17.0,2018-09-14T02:39:54Z,2018-09-30T09:48Z,4010306903280.0,(9:10) A.Collins right guard to BLT 24 for 3 yards (J.Evans; S.Williams).,3.0,10.0,79.0,33.0,1.0,79.0,9:10,5.0,Rush,RUSH,2nd & 7,BAL 24,2nd & 7 at BAL 24,7.0,76.0,33.0,2.0,76.0,1st & 10,BAL 21,1st & 10 at BAL 21,,,,24.166666666666664,59.72222222222223,0.818,0.44,1.0
,,,333000,0.829,28.0,False,False,24.0,17.0,2018-09-14T02:40:32Z,2018-09-30T09:48Z,4010306903301.0,(8:32) J.Flacco pass short right to A.Collins pushed ob at BLT 48 for 24 yards (R.Glasgow).,3.0,7.0,76.0,33.0,2.0,76.0,8:32,24.0,Pass Reception,REC,1st & 10,BAL 48,1st & 10 at BAL 48,10.0,52.0,33.0,1.0,52.0,2nd & 7,BAL 24,2nd & 7 at BAL 24,,,,23.53333333333333,60.77777777777777,0.829,0.44,1.0
,,,335100,0.816,28.0,False,False,3.0,17.0,2018-09-14T02:41:20Z,2018-09-30T09:48Z,4010306903330.0,(7:51) (Shotgun) J.Allen right tackle to CIN 49 for 3 yards (J.Evans).,3.0,10.0,52.0,33.0,1.0,52.0,7:51,5.0,Rush,RUSH,2nd & 7,CIN 49,2nd & 7 at CIN 49,7.0,49.0,33.0,2.0,49.0,1st & 10,BAL 48,1st & 10 at BAL 48,,,,22.85,61.916666666666664,0.816,0.44,1.0
,,,337500,0.874,28.0,False,False,5.0,17.0,2018-09-14T02:41:43Z,2018-09-30T09:48Z,4010306903351.0,(7:28) J.Flacco pass short right to C.Moore to CIN 44 for 5 yards (D.Kirkpatrick).,3.0,7.0,49.0,33.0,2.0,49.0,7:28,24.0,Pass Reception,REC,3rd & 2,CIN 44,3rd & 2 at CIN 44,2.0,44.0,33.0,3.0,44.0,2nd & 7,CIN 49,2nd & 7 at CIN 49,,,,22.46666666666667,62.55555555555555,0.874,0.44,1.0
,,,339700,0.882,28.0,False,False,0.0,17.0,2018-09-14T02:42:23Z,2018-09-30T09:48Z,4010306903375.0,"(6:48) J.Flacco pass incomplete short right to J.Allen (N.Vigil, C.Dunlap).",3.0,2.0,44.0,33.0,3.0,44.0,6:48,3.0,Pass Incompletion,,4th & 2,CIN 44,4th & 2 at CIN 44,2.0,44.0,33.0,4.0,44.0,3rd & 2,CIN 44,3rd & 2 at CIN 44,,,,21.8,63.66666666666667,0.882,0.44,1.0
,,,342100,0.915,28.0,False,False,1.0,17.0,2018-09-14T02:43:07Z,2018-09-30T09:48Z,4010306903397.0,(6:45) (Shotgun) J.Flacco pass short middle to J.Allen to CIN 43 for 1 yard (D.Dennard).,3.0,2.0,44.0,33.0,4.0,44.0,6:45,24.0,Pass Reception,REC,3rd & 8,CIN 43,3rd & 8 at CIN 43,8.0,43.0,4.0,3.0,57.0,4th & 2,CIN 44,4th & 2 at CIN 44,,,,21.75,63.74999999999999,0.915,0.44,1.0
,,,344500,0.926,28.0,False,False,8.0,17.0,2018-09-14T02:46:41Z,2018-09-30T09:48Z,4010306903421.0,(6:35) (Shotgun) A.Dalton pass short right to G.Bernard to BLT 49 for 8 yards (K.Young).,3.0,10.0,43.0,4.0,1.0,57.0,6:35,24.0,Pass Reception,REC,2nd & 2,BAL 49,2nd & 2 at BAL 49,2.0,51.0,4.0,2.0,49.0,1st & 10,CIN 43,1st & 10 at CIN 43,,,,21.583333333333332,64.02777777777777,0.926,0.44,1.0
,,,346600,0.903,28.0,False,False,10.0,17.0,2018-09-14T02:47:23Z,2018-09-30T09:48Z,4010306903445.0,(5:53) G.Bernard right tackle to BLT 39 for 10 yards (E.Weddle).,3.0,2.0,51.0,4.0,2.0,49.0,5:53,5.0,Rush,RUSH,1st & 10,BAL 39,1st & 10 at BAL 39,10.0,61.0,4.0,1.0,39.0,2nd & 2,BAL 49,2nd & 2 at BAL 49,,,,20.883333333333333,65.19444444444444,0.903,0.44,1.0
,,,348700,0.906,28.0,False,False,2.0,17.0,2018-09-14T02:48:01Z,2018-09-30T09:48Z,4010306903466.0,(5:16) (Shotgun) G.Bernard right guard to BLT 37 for 2 yards (T.Jefferson).,3.0,10.0,61.0,4.0,1.0,39.0,5:16,5.0,Rush,RUSH,3rd & 9,BAL 37,3rd & 9 at BAL 37,9.0,63.0,4.0,3.0,38.0,1st & 10,BAL 39,1st & 10 at BAL 39,,,,20.266666666666666,66.22222222222223,0.906,0.44,1.0
,,,350900,0.938,28.0,False,False,0.0,17.0,2018-09-14T02:48:25Z,2018-09-30T09:48Z,4010306903487.0,(4:52) (Shotgun) A.Dalton pass incomplete short right to J.Ross.,3.0,8.0,63.0,4.0,2.0,7.0,4:52,3.0,Pass Incompletion,,3rd & 8,BAL 37,3rd & 8 at BAL 37,8.0,63.0,4.0,3.0,38.0,2nd & 8,BAL 37,2nd & 8 at BAL 37,,,,19.866666666666667,66.88888888888889,0.938,0.44,1.0
,,,353000,0.931,28.0,False,False,0.0,17.0,2018-09-14T02:49:18Z,2018-09-30T09:48Z,4010306903509.0,Timeout #1 by CIN at 04:48.,3.0,8.0,93.0,4.0,3.0,7.0,4:48,21.0,Timeout,TO,3rd & 8,BAL 7,3rd & 8 at BAL 7,8.0,93.0,4.0,3.0,7.0,,,,,,,19.8,67.0,0.931,0.44,1.0
,,,355200,0.889,28.0,False,False,0.0,17.0,2018-09-14T02:52:05Z,2018-09-30T09:48Z,4010306903530.0,(4:48) (Shotgun) A.Dalton pass incomplete short right to T.Eifert.,3.0,8.0,63.0,4.0,3.0,25.0,4:48,3.0,Pass Incompletion,,1st & 10,BAL 37,1st & 10 at BAL 37,10.0,63.0,4.0,1.0,37.0,3rd & 8,BAL 37,3rd & 8 at BAL 37,,,,19.8,67.0,0.889,0.44,1.0
,,,357100,0.881,28.0,False,False,0.0,17.0,2018-09-14T02:52:43Z,2018-09-30T09:48Z,4010306903552.0,"(4:44) K.Huber punts 28 yards to BLT 9, Center-C.Harris, downed by CIN-J.Evans.",3.0,8.0,63.0,4.0,4.0,37.0,4:44,52.0,Punt,PUNT,1st & 10,BAL 9,1st & 10 at BAL 9,10.0,91.0,33.0,1.0,91.0,4th & 8,BAL 37,4th & 8 at BAL 37,,,,19.733333333333334,67.11111111111111,0.881,0.44,1.0
,,,359500,0.937,28.0,False,False,6.0,17.0,2018-09-14T02:53:41Z,2018-09-30T09:48Z,4010306903571.0,(4:37) (Shotgun) J.Flacco pass short left to M.Crabtree to BLT 15 for 6 yards (W.Jackson).,3.0,10.0,91.0,33.0,1.0,91.0,4:37,24.0,Pass Reception,REC,2nd & 4,BAL 15,2nd & 4 at BAL 15,4.0,85.0,33.0,2.0,85.0,1st & 10,BAL 9,1st & 10 at BAL 9,,,,19.616666666666667,67.30555555555556,0.937,0.44,1.0
,,,361900,0.856,28.0,False,False,17.0,17.0,2018-09-14T02:54:04Z,2018-09-30T09:48Z,4010306903595.0,(4:13) (Shotgun) J.Flacco pass short middle to N.Boyle to BLT 32 for 17 yards (J.Bates) [C.Lawson].,3.0,4.0,85.0,33.0,2.0,85.0,4:13,24.0,Pass Reception,REC,1st & 10,BAL 32,1st & 10 at BAL 32,10.0,68.0,4.0,1.0,68.0,2nd & 4,BAL 15,2nd & 4 at BAL 15,,,,19.21666666666667,67.97222222222221,0.856,0.44,1.0
,,,364000,0.848,28.0,False,False,6.0,17.0,2018-09-14T02:54:32Z,2018-09-30T09:48Z,4010306903619.0,(3:45) (Shotgun) A.Collins left guard to BLT 38 for 6 yards (C.Lawson).,3.0,10.0,68.0,33.0,1.0,68.0,3:45,5.0,Rush,RUSH,2nd & 4,BAL 38,2nd & 4 at BAL 38,4.0,62.0,33.0,2.0,62.0,1st & 10,BAL 32,1st & 10 at BAL 32,,,,18.75,68.75,0.848,0.44,1.0
,,,366400,0.859,28.0,False,False,6.0,17.0,2018-09-14T02:54:56Z,2018-09-30T09:48Z,4010306903640.0,(3:21) (Shotgun) J.Flacco pass short left to J.Allen to BLT 44 for 6 yards (N.Vigil) [G.Atkins].,3.0,4.0,62.0,33.0,2.0,62.0,3:21,24.0,Pass Reception,REC,1st & 10,BAL 44,1st & 10 at BAL 44,10.0,56.0,33.0,1.0,56.0,2nd & 4,BAL 38,2nd & 4 at BAL 38,,,,18.35,69.41666666666666,0.859,0.44,1.0
,,,368500,0.911,28.0,False,False,3.0,17.0,2018-09-14T02:55:29Z,2018-09-30T09:48Z,4010306903664.0,(2:48) J.Allen right tackle to BLT 47 for 3 yards (N.Vigil; H.Nickerson).,3.0,10.0,56.0,33.0,1.0,56.0,2:48,5.0,Rush,RUSH,2nd & 7,BAL 47,2nd & 7 at BAL 47,7.0,53.0,33.0,2.0,53.0,1st & 10,BAL 44,1st & 10 at BAL 44,,,,17.8,70.33333333333334,0.911,0.44,1.0
,,,372200,0.89,28.0,False,False,1.0,17.0,2018-09-14T02:56:09Z,2018-09-30T09:48Z,4010306903685.0,(2:08) J.Flacco pass deep middle intended for J.Brown INTERCEPTED by S.Williams [C.Dunlap] at CIN 24. S.Williams to CIN 25 for 1 yard (J.Brown).,3.0,7.0,53.0,33.0,2.0,53.0,2:08,26.0,Pass Interception Return,INTR,1st & 10,CIN 25,1st & 10 at CIN 25,10.0,25.0,4.0,1.0,25.0,2nd & 7,BAL 47,2nd & 7 at BAL 47,,,,17.133333333333333,71.44444444444444,0.89,0.44,1.0
,,,374600,0.929,28.0,False,False,-1.0,17.0,2018-09-14T02:59:18Z,2018-09-30T09:48Z,4010306903722.0,(2:00) (Shotgun) A.Dalton pass short right to G.Bernard to CIN 24 for -1 yards (T.Young).,3.0,10.0,25.0,4.0,1.0,75.0,2:00,24.0,Pass Reception,REC,2nd & 11,CIN 24,2nd & 11 at CIN 24,11.0,24.0,4.0,2.0,76.0,1st & 10,CIN 25,1st & 10 at CIN 25,,,,17.0,71.66666666666667,0.929,0.44,1.0
,,,377000,0.935,28.0,False,False,18.0,17.0,2018-09-14T02:59:56Z,2018-09-30T09:48Z,4010306903746.0,(1:22) (Shotgun) A.Dalton pass short middle to A.Green to CIN 42 for 18 yards (B.Carr).,3.0,11.0,24.0,4.0,2.0,76.0,1:22,24.0,Pass Reception,REC,1st & 10,CIN 42,1st & 10 at CIN 42,10.0,42.0,4.0,1.0,58.0,2nd & 11,CIN 24,2nd & 11 at CIN 24,,,,16.366666666666667,72.72222222222223,0.935,0.44,1.0
,,,379400,0.932,28.0,False,False,7.0,17.0,2018-09-14T03:00:27Z,2018-09-30T09:48Z,4010306903770.0,(:52) (Shotgun) A.Dalton pass short middle to T.Eifert to CIN 49 for 7 yards (T.Jefferson).,3.0,10.0,42.0,4.0,1.0,58.0,0:52,24.0,Pass Reception,REC,2nd & 3,CIN 49,2nd & 3 at CIN 49,3.0,49.0,4.0,2.0,51.0,1st & 10,CIN 42,1st & 10 at CIN 42,,,,15.866666666666667,73.55555555555556,0.932,0.44,1.0
,,,381500,0.933,28.0,False,False,1.0,17.0,2018-09-14T03:01:02Z,2018-09-30T09:48Z,4010306903794.0,(:17) (Shotgun) G.Bernard right guard to 50 for 1 yard (B.Urban).,3.0,3.0,49.0,4.0,2.0,51.0,0:17,5.0,Rush,RUSH,3rd & 2,50,3rd & 2 at 50,2.0,50.0,4.0,3.0,50.0,2nd & 3,CIN 49,2nd & 3 at CIN 49,,,,15.283333333333333,74.52777777777777,0.933,0.44,1.0
,,,383200,0.881,28.0,False,False,0.0,17.0,2018-09-14T03:05:34Z,2018-09-30T09:48Z,4010306903815.0,END QUARTER 3,3.0,0.0,0.0,,2.0,87.0,0:00,2.0,End Period,EP,2nd & 10,BAL 13,2nd & 10 at BAL 13,10.0,87.0,33.0,2.0,50.0,,,,,,,15.0,75.0,0.881,0.44,1.0
,,,385400,0.912,28.0,False,False,0.0,17.0,2018-09-14T03:04:05Z,2018-09-30T09:48Z,4010306903832.0,(15:00) (Shotgun) A.Dalton pass incomplete short right to T.Boyd.,4.0,2.0,50.0,4.0,3.0,87.0,15:00,3.0,Pass Incompletion,,2nd & 10,50,2nd & 10 at 50,10.0,50.0,33.0,2.0,50.0,3rd & 2,50,3rd & 2 at 50,,,,15.0,75.0,0.912,0.44,1.0
,,,387300,0.924,28.0,False,False,0.0,17.0,2018-09-14T03:04:42Z,2018-09-30T09:48Z,4010306903854.0,"(14:56) K.Huber punts 37 yards to BLT 13, Center-C.Harris, fair catch by J.Grant.",4.0,2.0,50.0,4.0,4.0,50.0,14:56,52.0,Punt,PUNT,1st & 10,BAL 13,1st & 10 at BAL 13,10.0,87.0,33.0,1.0,87.0,4th & 2,50,4th & 2 at 50,,,,14.933333333333334,75.1111111111111,0.924,0.44,1.0
,,,389500,0.892,28.0,False,False,0.0,17.0,2018-09-14T03:05:34Z,2018-09-30T09:48Z,4010306903873.0,(14:50) (Shotgun) J.Flacco pass incomplete deep middle to N.Boyle.,4.0,10.0,87.0,33.0,1.0,87.0,14:50,3.0,Pass Incompletion,,2nd & 10,BAL 13,2nd & 10 at BAL 13,10.0,87.0,33.0,2.0,87.0,1st & 10,BAL 13,1st & 10 at BAL 13,,,,14.833333333333334,75.27777777777777,0.892,0.44,1.0
,,,391900,0.881,28.0,False,False,17.0,17.0,2018-09-14T03:06:09Z,2018-09-30T09:48Z,4010306903895.0,(14:47) (Shotgun) J.Flacco pass deep right to J.Brown to BLT 30 for 17 yards (D.Dennard).,4.0,10.0,87.0,33.0,2.0,87.0,14:47,24.0,Pass Reception,REC,1st & 10,BAL 30,1st & 10 at BAL 30,10.0,70.0,33.0,1.0,70.0,2nd & 10,BAL 13,2nd & 10 at BAL 13,,,,14.783333333333333,75.36111111111111,0.881,0.44,1.0
,,,394300,0.903,28.0,False,False,10.0,17.0,2018-09-14T03:06:46Z,2018-09-30T09:48Z,4010306903919.0,(14:15) (Shotgun) J.Flacco pass short middle to W.Snead IV to BLT 40 for 10 yards (N.Vigil).,4.0,10.0,70.0,33.0,1.0,70.0,14:15,24.0,Pass Reception,REC,1st & 10,BAL 40,1st & 10 at BAL 40,10.0,60.0,33.0,1.0,60.0,1st & 10,BAL 30,1st & 10 at BAL 30,,,,14.25,76.25,0.903,0.44,1.0
,,,397200,0.879,28.0,False,False,7.0,17.0,2018-09-14T03:07:12Z,2018-09-30T09:48Z,4010306903943.0,"(13:49) (No Huddle, Shotgun) J.Flacco pass short left to M.Crabtree ran ob at BLT 47 for 7 yards.",4.0,10.0,60.0,33.0,1.0,60.0,13:49,24.0,Pass Reception,REC,2nd & 14,BAL 47,2nd & 14 at BAL 47,14.0,53.0,33.0,2.0,53.0,1st & 10,BAL 40,1st & 10 at BAL 40,,,,13.816666666666666,76.97222222222221,0.879,0.44,1.0
,,,399300,0.873,28.0,False,False,2.0,17.0,2018-09-14T03:07:46Z,2018-09-30T09:48Z,4010306903972.0,(13:19) (Shotgun) J.Allen left tackle to BLT 49 for 2 yards (R.Glasgow).,4.0,3.0,53.0,33.0,2.0,53.0,13:19,5.0,Rush,RUSH,3rd & 2,BAL 49,3rd & 2 at BAL 49,2.0,51.0,33.0,3.0,52.0,2nd & 3,BAL 47,2nd & 3 at BAL 47,,,,13.316666666666666,77.80555555555554,0.873,0.44,1.0
,,,401400,0.844,28.0,False,False,2.0,17.0,2018-09-14T03:08:13Z,2018-09-30T09:48Z,4010306903993.0,(12:52) (Shotgun) J.Flacco scrambles right end to CIN 49 for 2 yards (H.Nickerson).,4.0,1.0,51.0,33.0,3.0,51.0,12:52,5.0,Rush,RUSH,1st & 10,CIN 49,1st & 10 at CIN 49,10.0,49.0,33.0,1.0,49.0,3rd & 1,BAL 49,3rd & 1 at BAL 49,,,,12.866666666666667,78.55555555555556,0.844,0.44,1.0
,,,403800,0.862,28.0,False,False,9.0,17.0,2018-09-14T03:08:42Z,2018-09-30T09:48Z,4010306904014.0,(12:24) (Shotgun) J.Flacco pass short right to N.Boyle to CIN 40 for 9 yards (N.Vigil).,4.0,10.0,49.0,33.0,1.0,49.0,12:24,24.0,Pass Reception,REC,2nd & 1,CIN 40,2nd & 1 at CIN 40,1.0,40.0,33.0,2.0,40.0,1st & 10,CIN 49,1st & 10 at CIN 49,,,,12.4,79.33333333333333,0.862,0.44,1.0
,,,406000,0.848,28.0,False,False,0.0,17.0,2018-09-14T03:09:09Z,2018-09-30T09:48Z,4010306904038.0,(11:57) (Shotgun) J.Flacco pass incomplete deep right to J.Brown.,4.0,1.0,40.0,33.0,2.0,12.0,11:57,3.0,Pass Incompletion,,1st & 10,CIN 40,1st & 10 at CIN 40,10.0,40.0,33.0,1.0,40.0,2nd & 1,CIN 40,2nd & 1 at CIN 40,,,,11.95,80.08333333333333,0.848,0.44,1.0
,,,408100,0.81,28.0,False,False,7.0,17.0,2018-09-14T03:09:51Z,2018-09-30T09:48Z,4010306904060.0,(11:51) M.Williams up the middle to CIN 33 for 7 yards (C.Lawson).,4.0,1.0,40.0,33.0,3.0,40.0,11:51,5.0,Rush,RUSH,1st & 10,CIN 33,1st & 10 at CIN 33,10.0,33.0,33.0,1.0,33.0,3rd & 1,CIN 40,3rd & 1 at CIN 40,,,,11.85,80.25,0.81,0.44,1.0
,,,410500,0.819,28.0,False,False,16.0,17.0,2018-09-14T03:10:27Z,2018-09-30T09:48Z,4010306904081.0,(11:15) (Shotgun) J.Flacco pass short middle to J.Allen to CIN 17 for 16 yards (S.Williams).,4.0,10.0,33.0,33.0,1.0,33.0,11:51,24.0,Pass Reception,REC,1st & 10,CIN 17,1st & 10 at CIN 17,10.0,17.0,33.0,1.0,17.0,1st & 10,CIN 33,1st & 10 at CIN 33,,,,11.85,80.25,0.819,0.44,1.0
,,,413000,0.838,28.0,False,False,1.0,17.0,2018-09-14T03:11:12Z,2018-09-30T09:48Z,4010306904105.0,(10:30) {Jackson in at QB} (Shotgun) L.Jackson right tackle to CIN 16 for 1 yard (J.Willis).,4.0,10.0,17.0,33.0,1.0,17.0,10:30,5.0,Rush,RUSH,1st & 10,CIN 16,1st & 10 at CIN 16,10.0,16.0,33.0,1.0,16.0,1st & 10,CIN 17,1st & 10 at CIN 17,,,,10.5,82.5,0.838,0.44,1.0
,,,415700,0.769,28.0,False,False,-5.0,17.0,2018-09-14T03:11:46Z,2018-09-30T09:48Z,4010306904130.0,"(9:56) {Flacco in at QB} (Shotgun)  PENALTY on BLT-R.Stanley, False Start, 5 yards, enforced at CIN 16 - No Play.",4.0,9.0,16.0,33.0,2.0,16.0,9:56,8.0,Penalty,PEN,1st & 10,CIN 21,1st & 10 at CIN 21,10.0,21.0,33.0,1.0,21.0,2nd & 9,CIN 16,2nd & 9 at CIN 16,,,,9.933333333333334,83.44444444444444,0.769,0.44,1.0
,,,419600,0.777,28.0,True,False,21.0,23.0,2018-09-14T03:12:23Z,2018-09-30T09:48Z,4010306904157.0,John Brown Pass From Joe Flacco for 21 Yrds (Pass formation) TWO-POINT CONVERSION ATTEMPT. J.Flacco pass to J.Allen is incomplete. ATTEMPT FAILS.,4.0,14.0,21.0,33.0,2.0,21.0,9:35,67.0,Passing Touchdown,TD,,,,10.0,0.0,33.0,-1.0,15.0,2nd & 14,CIN 21,2nd & 14 at CIN 21,Touchdown,touchdown,TD,9.583333333333334,84.02777777777779,0.777,0.44,1.0
,,,422000,0.77,28.0,False,False,0.0,23.0,2018-09-14T03:16:16Z,2018-09-30T09:48Z,4010306904196.0,"J.Tucker kicks 65 yards from BLT 35 to end zone, Touchback.",4.0,0.0,65.0,33.0,0.0,65.0,9:35,53.0,Kickoff,K,1st & 10,CIN 25,1st & 10 at CIN 25,10.0,25.0,4.0,1.0,75.0,,,,,,,9.583333333333334,84.02777777777779,0.77,0.44,1.0
,,,424100,0.779,28.0,False,False,6.0,23.0,2018-09-14T03:17:03Z,2018-09-30T09:48Z,4010306904220.0,(9:35) J.Mixon right tackle to CIN 31 for 6 yards (P.Onwuasor; M.Humphrey).,4.0,10.0,25.0,4.0,1.0,75.0,9:35,5.0,Rush,RUSH,3rd & 2,CIN 31,3rd & 2 at CIN 31,2.0,31.0,4.0,3.0,69.0,1st & 10,CIN 25,1st & 10 at CIN 25,,,,9.583333333333334,84.02777777777779,0.779,0.44,1.0
,,,426200,0.818,28.0,False,False,2.0,23.0,2018-09-14T03:17:45Z,2018-09-30T09:48Z,4010306904241.0,(8:53) G.Bernard left tackle to CIN 33 for 2 yards (B.Williams; P.Onwuasor).,4.0,4.0,31.0,4.0,2.0,69.0,8:53,5.0,Rush,RUSH,3rd & 2,CIN 33,3rd & 2 at CIN 33,2.0,33.0,4.0,3.0,67.0,2nd & 4,CIN 31,2nd & 4 at CIN 31,,,,8.883333333333333,85.19444444444444,0.818,0.44,1.0
,,,429500,0.845,28.0,False,False,5.0,23.0,2018-09-14T03:18:31Z,2018-09-30T09:48Z,4010306904262.0,"(8:08) (Shotgun) A.Dalton pass incomplete short left to T.Boyd (T.Young). PENALTY on BLT-T.Young, Defensive Holding, 5 yards, enforced at CIN 33 - No Play.",4.0,2.0,33.0,4.0,3.0,67.0,8:08,3.0,Pass Incompletion,,1st & 10,CIN 38,1st & 10 at CIN 38,10.0,38.0,4.0,1.0,62.0,3rd & 2,CIN 33,3rd & 2 at CIN 33,,,,8.133333333333333,86.44444444444444,0.845,0.44,1.0
,,,431900,0.843,28.0,False,False,12.0,23.0,2018-09-14T03:19:30Z,2018-09-30T09:48Z,4010306904295.0,(8:03) A.Dalton pass short middle to C.Uzomah to 50 for 12 yards (M.Judon).,4.0,10.0,38.0,4.0,1.0,62.0,8:03,24.0,Pass Reception,REC,1st & 10,50,1st & 10 at 50,10.0,50.0,4.0,1.0,50.0,1st & 10,CIN 38,1st & 10 at CIN 38,,,,8.05,86.58333333333333,0.843,0.44,1.0
,,,434000,0.881,28.0,False,False,5.0,23.0,2018-09-14T03:20:11Z,2018-09-30T09:48Z,4010306904319.0,(7:22) (Shotgun) J.Mixon left end to BLT 45 for 5 yards (E.Weddle).,4.0,10.0,50.0,4.0,1.0,50.0,7:22,5.0,Rush,RUSH,2nd & 5,BAL 45,2nd & 5 at BAL 45,5.0,55.0,4.0,2.0,45.0,1st & 10,50,1st & 10 at 50,,,,7.366666666666666,87.72222222222223,0.881,0.44,1.0
,,,436900,0.927,28.0,False,False,8.0,23.0,2018-09-14T03:20:55Z,2018-09-30T09:48Z,4010306904340.0,(6:38) (Shotgun) A.Dalton pass short right to A.Green pushed ob at BLT 37 for 8 yards (M.Humphrey).,4.0,5.0,55.0,4.0,2.0,45.0,6:38,24.0,Pass Reception,REC,1st & 10,BAL 37,1st & 10 at BAL 37,10.0,63.0,4.0,1.0,37.0,2nd & 5,BAL 45,2nd & 5 at BAL 45,,,,6.633333333333333,88.94444444444444,0.927,0.44,1.0
,,,439400,0.9,28.0,False,False,21.0,23.0,2018-09-14T03:21:37Z,2018-09-30T09:48Z,4010306904369.0,(5:59) J.Mixon right tackle to BLT 16 for 21 yards (E.Weddle). {reversed run to left end},4.0,10.0,63.0,4.0,1.0,37.0,5:59,5.0,Rush,RUSH,1st & 10,BAL 16,1st & 10 at BAL 16,10.0,84.0,4.0,1.0,16.0,1st & 10,BAL 37,1st & 10 at BAL 37,,,,5.983333333333333,90.02777777777777,0.9,0.44,1.0
,,,441500,0.903,28.0,False,False,-3.0,23.0,2018-09-14T03:22:28Z,2018-09-30T09:48Z,4010306904394.0,(5:08) J.Mixon right end to BLT 19 for -3 yards (P.Ricard).,4.0,10.0,84.0,4.0,1.0,16.0,5:08,5.0,Rush,RUSH,2nd & 13,BAL 19,2nd & 13 at BAL 19,13.0,81.0,4.0,2.0,19.0,1st & 10,BAL 16,1st & 10 at BAL 16,,,,5.133333333333334,91.44444444444444,0.903,0.44,1.0
,,,443600,0.917,28.0,False,False,1.0,23.0,2018-09-14T03:23:07Z,2018-09-30T09:48Z,4010306904415.0,(4:29) (Shotgun) G.Bernard up the middle to BLT 18 for 1 yard (T.Jefferson; T.Williams).,4.0,13.0,81.0,4.0,2.0,19.0,4:29,5.0,Rush,RUSH,3rd & 12,BAL 18,3rd & 12 at BAL 18,12.0,82.0,4.0,3.0,18.0,2nd & 13,BAL 19,2nd & 13 at BAL 19,,,,4.483333333333333,92.52777777777777,0.917,0.44,1.0
,,,446000,0.928,28.0,False,False,8.0,23.0,2018-09-14T03:23:52Z,2018-09-30T09:48Z,4010306904436.0,(3:44) (Shotgun) A.Dalton pass short left to J.Ross to BLT 10 for 8 yards (B.Carr).,4.0,12.0,82.0,4.0,3.0,18.0,3:44,24.0,Pass Reception,REC,4th & 4,BAL 10,4th & 4 at BAL 10,4.0,90.0,4.0,4.0,10.0,3rd & 12,BAL 18,3rd & 12 at BAL 18,,,,3.7333333333333334,93.77777777777779,0.928,0.44,1.0
,,,447900,0.925,31.0,True,False,28.0,23.0,2018-09-14T03:24:33Z,2018-09-30T09:48Z,4010306904460.0,Randy Bullock 28 Yd Field Goal ,4.0,4.0,90.0,4.0,4.0,10.0,2:59,59.0,Field Goal Good,FG,,,,10.0,100.0,4.0,-1.0,65.0,4th & 4,BAL 10,4th & 4 at BAL 10,Field Goal,field-goal,FG,2.9833333333333334,95.02777777777777,0.925,0.44,1.0
,,,450300,0.939,31.0,False,False,0.0,23.0,2018-09-14T03:27:31Z,2018-09-30T09:48Z,4010306904479.0,"R.Bullock kicks 65 yards from CIN 35 to end zone, Touchback.",4.0,0.0,35.0,4.0,0.0,65.0,2:59,53.0,Kickoff,K,1st & 10,BAL 25,1st & 10 at BAL 25,10.0,75.0,33.0,1.0,75.0,,,,,,,2.9833333333333334,95.02777777777777,0.939,0.44,1.0
,,,452500,0.947,31.0,False,False,0.0,23.0,2018-09-14T03:28:10Z,2018-09-30T09:48Z,4010306904503.0,(2:59) (Shotgun) J.Flacco pass incomplete short right to J.Brown (D.Kirkpatrick).,4.0,10.0,75.0,33.0,1.0,75.0,2:59,3.0,Pass Incompletion,,2nd & 10,BAL 25,2nd & 10 at BAL 25,10.0,75.0,33.0,2.0,75.0,1st & 10,BAL 25,1st & 10 at BAL 25,,,,2.9833333333333334,95.02777777777777,0.947,0.44,1.0
,,,454700,0.947,31.0,False,False,0.0,23.0,2018-09-14T03:28:50Z,2018-09-30T09:48Z,4010306904525.0,(2:56) (Shotgun) J.Flacco pass incomplete short middle to M.Crabtree.,4.0,10.0,75.0,33.0,2.0,75.0,2:56,3.0,Pass Incompletion,,3rd & 10,BAL 25,3rd & 10 at BAL 25,10.0,75.0,33.0,3.0,75.0,2nd & 10,BAL 25,2nd & 10 at BAL 25,,,,2.9333333333333336,95.11111111111111,0.947,0.44,1.0
,,,456400,0.934,31.0,False,False,0.0,23.0,2018-09-14T03:29:30Z,2018-09-30T09:48Z,4010306904547.0,Timeout #2 by CIN at 02:52.,4.0,10.0,75.0,33.0,3.0,75.0,2:52,21.0,Timeout,TO,3rd & 10,BAL 25,3rd & 10 at BAL 25,10.0,75.0,33.0,3.0,75.0,,,,,,,2.8666666666666667,95.22222222222221,0.934,0.44,1.0
,,,459300,0.984,31.0,False,False,0.0,23.0,2018-09-14T03:30:26Z,2018-09-30T09:48Z,4010306904564.0,"(2:52) (Shotgun) J.Flacco sacked at BLT 20 for -5 yards (S.Williams). FUMBLES (S.Williams) [S.Williams], RECOVERED by CIN-J.Willis at BLT 29. J.Willis to BLT 29 for no gain (J.Allen).",4.0,10.0,75.0,33.0,3.0,75.0,2:52,7.0,Sack,,2nd & 10,BAL 29,2nd & 10 at BAL 29,10.0,71.0,33.0,2.0,29.0,3rd & 10,BAL 25,3rd & 10 at BAL 25,,,,2.8666666666666667,95.22222222222221,0.984,0.44,1.0
,,,461400,0.988,31.0,False,False,1.0,23.0,2018-09-14T03:31:42Z,2018-09-30T09:48Z,4010306904593.0,(2:42) J.Mixon right end to BLT 28 for 1 yard (P.Onwuasor).,4.0,10.0,71.0,4.0,1.0,29.0,2:42,5.0,Rush,RUSH,2nd & 9,BAL 28,2nd & 9 at BAL 28,9.0,72.0,4.0,2.0,28.0,1st & 10,BAL 29,1st & 10 at BAL 29,,,,2.7,95.5,0.988,0.44,1.0
,,,463100,0.988,31.0,False,False,0.0,23.0,2018-09-14T03:32:19Z,2018-09-30T09:48Z,4010306904614.0,Timeout #1 by BLT at 02:37.,4.0,9.0,72.0,4.0,2.0,28.0,2:37,21.0,Timeout,TO,2nd & 9,BAL 28,2nd & 9 at BAL 28,9.0,72.0,4.0,2.0,28.0,,,,,,,2.6166666666666667,95.63888888888889,0.988,0.44,1.0
,,,465200,0.993,31.0,False,False,2.0,23.0,2018-09-14T03:33:11Z,2018-09-30T09:48Z,4010306904631.0,(2:37) J.Mixon left end to BLT 26 for 2 yards (M.Judon).,4.0,9.0,72.0,4.0,2.0,28.0,2:37,5.0,Rush,RUSH,3rd & 7,BAL 26,3rd & 7 at BAL 26,7.0,74.0,4.0,3.0,26.0,2nd & 9,BAL 28,2nd & 9 at BAL 28,,,,2.6166666666666667,95.63888888888889,0.993,0.44,1.0
,,,466900,0.991,31.0,False,False,0.0,23.0,2018-09-14T03:33:32Z,2018-09-30T09:48Z,4010306904652.0,Timeout #2 by BLT at 02:33.,4.0,7.0,74.0,4.0,3.0,26.0,2:33,21.0,Timeout,TO,3rd & 7,BAL 26,3rd & 7 at BAL 26,7.0,74.0,4.0,3.0,26.0,,,,,,,2.55,95.75,0.991,0.44,1.0
,,,469000,0.995,31.0,False,False,4.0,23.0,2018-09-14T03:34:23Z,2018-09-30T09:48Z,4010306904669.0,(2:33) J.Mixon left tackle to BLT 22 for 4 yards (C.Wormley).,4.0,7.0,74.0,4.0,3.0,26.0,2:33,5.0,Rush,RUSH,4th & 3,BAL 22,4th & 3 at BAL 22,3.0,78.0,4.0,4.0,22.0,3rd & 7,BAL 26,3rd & 7 at BAL 26,,,,2.55,95.75,0.995,0.44,1.0
,,,470700,0.999,31.0,False,False,0.0,23.0,2018-09-14T03:34:44Z,2018-09-30T09:48Z,4010306904690.0,Timeout #3 by BLT at 02:29.,4.0,3.0,78.0,4.0,4.0,22.0,2:29,21.0,Timeout,TO,4th & 3,BAL 22,4th & 3 at BAL 22,3.0,78.0,4.0,4.0,22.0,,,,,,,2.4833333333333334,95.86111111111111,0.999,0.44,1.0
,,,472600,0.999,34.0,True,False,40.0,23.0,2018-09-14T03:35:21Z,2018-09-30T09:48Z,4010306904707.0,Randy Bullock 40 Yd Field Goal ,4.0,3.0,78.0,4.0,4.0,22.0,2:25,59.0,Field Goal Good,FG,,,,10.0,100.0,4.0,-1.0,65.0,4th & 3,BAL 22,4th & 3 at BAL 22,Field Goal,field-goal,FG,2.4166666666666665,95.97222222222223,0.999,0.44,1.0
,,,474100,0.998,34.0,False,False,0.0,23.0,2018-09-14T03:36:45Z,2018-09-30T09:48Z,4010306904726.0,"R.Bullock kicks 65 yards from CIN 35 to end zone, Touchback.",4.0,0.0,35.0,4.0,0.0,65.0,2:25,53.0,Kickoff,K,1st & 10,BAL 25,1st & 10 at BAL 25,10.0,75.0,33.0,1.0,75.0,,,,,,,2.4166666666666665,95.97222222222223,0.998,0.44,1.0
,,,477400,0.997,34.0,False,False,15.0,23.0,2018-09-14T03:37:24Z,2018-09-30T09:48Z,4010306904741.0,"(2:25) (Shotgun) J.Flacco pass incomplete short middle to J.Allen [C.Lawson]. PENALTY on CIN-C.Lawson, Roughing the Passer, 15 yards, enforced at BLT 25 - No Play.",4.0,10.0,75.0,33.0,1.0,75.0,2:24,3.0,Pass Incompletion,,3rd & 10,BAL 40,3rd & 10 at BAL 40,10.0,60.0,33.0,3.0,60.0,1st & 10,BAL 25,1st & 10 at BAL 25,,,,2.4,96.0,0.997,0.44,1.0
,,,479600,0.998,34.0,False,False,0.0,23.0,2018-09-14T03:38:14Z,2018-09-30T09:48Z,4010306904774.0,(2:21) (Shotgun) J.Flacco pass incomplete short right to J.Allen (C.Dunlap).,4.0,10.0,60.0,33.0,1.0,60.0,2:21,3.0,Pass Incompletion,,2nd & 10,BAL 40,2nd & 10 at BAL 40,10.0,60.0,33.0,2.0,60.0,1st & 10,BAL 40,1st & 10 at BAL 40,,,,2.35,96.08333333333333,0.998,0.44,1.0
,,,481800,0.998,34.0,False,False,0.0,23.0,2018-09-14T03:38:46Z,2018-09-30T09:48Z,4010306904796.0,(2:18) (Shotgun) J.Flacco pass incomplete short right to C.Moore. CIN-D.Kirkpatrick was injured during the play.,4.0,10.0,60.0,33.0,2.0,60.0,2:18,3.0,Pass Incompletion,,3rd & 10,BAL 40,3rd & 10 at BAL 40,10.0,60.0,33.0,3.0,60.0,2nd & 10,BAL 40,2nd & 10 at BAL 40,,,,2.3,96.16666666666667,0.998,0.44,1.0
,,,485000,0.999,34.0,False,False,7.0,23.0,2018-09-14T03:41:05Z,2018-09-30T09:48Z,4010306904818.0,(2:14) (Shotgun) J.Flacco pass short middle to J.Allen to BLT 47 for 7 yards (D.Dennard; H.Nickerson).,4.0,10.0,60.0,33.0,3.0,60.0,2:14,24.0,Pass Reception,REC,4th & 3,BAL 47,4th & 3 at BAL 47,3.0,53.0,33.0,4.0,53.0,3rd & 10,BAL 40,3rd & 10 at BAL 40,,,,2.2333333333333334,96.27777777777777,0.999,0.44,1.0
,,,486700,0.996,34.0,False,False,0.0,23.0,2018-09-14T03:41:27Z,2018-09-30T09:48Z,4010306904850.0,Two-Minute Warning,4.0,3.0,53.0,33.0,4.0,53.0,2:00,75.0,Two-minute warning,2Min Warn,4th & 3,BAL 47,4th & 3 at BAL 47,3.0,53.0,33.0,4.0,53.0,,,,,,,2.0,96.66666666666667,0.996,0.44,1.0
,,,489100,0.997,34.0,False,False,5.0,23.0,2018-09-14T03:42:53Z,2018-09-30T09:48Z,4010306904867.0,(2:00) (Shotgun) J.Flacco pass short right to M.Andrews to CIN 48 for 5 yards (H.Nickerson).,4.0,3.0,53.0,33.0,4.0,53.0,2:00,24.0,Pass Reception,REC,1st & 10,CIN 48,1st & 10 at CIN 48,10.0,48.0,33.0,1.0,47.0,4th & 3,BAL 47,4th & 3 at BAL 47,,,,2.0,96.66666666666667,0.997,0.44,1.0
,,,491500,0.998,34.0,False,False,4.0,23.0,2018-09-14T03:43:16Z,2018-09-30T09:48Z,4010306904891.0,(1:36) (Shotgun) J.Flacco pass short middle to C.Moore to CIN 44 for 4 yards (S.Williams).,4.0,10.0,48.0,33.0,1.0,48.0,1:36,24.0,Pass Reception,REC,1st & 10,CIN 44,1st & 10 at CIN 44,10.0,44.0,33.0,1.0,47.0,1st & 10,CIN 48,1st & 10 at CIN 48,,,,1.6,97.33333333333334,0.998,0.44,1.0
,,,494600,0.998,34.0,False,False,6.0,23.0,2018-09-14T03:43:38Z,2018-09-30T09:48Z,4010306904915.0,(1:15) (Shotgun) J.Flacco pass short middle to J.Allen to CIN 38 for 6 yards (D.Dennard). CIN-S.Williams was injured during the play.,4.0,6.0,44.0,33.0,2.0,44.0,1:15,24.0,Pass Reception,REC,1st & 10,CIN 38,1st & 10 at CIN 38,10.0,38.0,33.0,1.0,38.0,2nd & 6,CIN 44,2nd & 6 at CIN 44,,,,1.25,97.91666666666666,0.998,0.44,1.0
,,,496700,0.999,34.0,False,False,0.0,23.0,2018-09-14T03:44:22Z,2018-09-30T09:48Z,4010306904946.0,Timeout #3 by CIN at 01:06. {timeout charged due to injury inside last 2 minutes of half},4.0,1.0,38.0,33.0,3.0,38.0,1:06,21.0,Timeout,TO,3rd & 1,CIN 38,3rd & 1 at CIN 38,1.0,38.0,33.0,3.0,38.0,,,,,,,1.1,98.16666666666667,0.999,0.44,1.0
,,,498900,0.997,34.0,False,False,0.0,23.0,2018-09-14T03:45:08Z,2018-09-30T09:48Z,4010306904967.0,(1:06) (Shotgun) J.Flacco pass incomplete deep right to W.Snead IV.,4.0,10.0,38.0,33.0,1.0,38.0,1:06,3.0,Pass Incompletion,,2nd & 10,CIN 38,2nd & 10 at CIN 38,10.0,38.0,33.0,2.0,38.0,1st & 10,CIN 38,1st & 10 at CIN 38,,,,1.1,98.16666666666667,0.997,0.44,1.0
,,,501300,0.999,34.0,False,False,9.0,23.0,2018-09-14T03:45:50Z,2018-09-30T09:48Z,4010306904989.0,(:59) (Shotgun) J.Flacco pass short middle to W.Snead IV to CIN 29 for 9 yards (D.Dennard).,4.0,10.0,38.0,33.0,2.0,38.0,0:59,24.0,Pass Reception,REC,3rd & 1,CIN 29,3rd & 1 at CIN 29,1.0,29.0,33.0,3.0,28.0,2nd & 10,CIN 38,2nd & 10 at CIN 38,,,,0.9833333333333333,98.36111111111111,0.999,0.44,1.0
,,,503700,0.999,34.0,False,False,4.0,23.0,2018-09-14T03:46:11Z,2018-09-30T09:48Z,4010306905013.0,(:37) (Shotgun) J.Flacco pass short right to M.Williams to CIN 25 for 4 yards (D.Dennard).,4.0,1.0,29.0,33.0,3.0,29.0,0:37,24.0,Pass Reception,REC,1st & 10,CIN 25,1st & 10 at CIN 25,10.0,25.0,33.0,1.0,25.0,3rd & 1,CIN 29,3rd & 1 at CIN 29,,,,0.6166666666666667,98.97222222222221,0.999,0.44,1.0
,,,505900,0.999,34.0,False,False,0.0,23.0,2018-09-14T03:46:27Z,2018-09-30T09:48Z,4010306905037.0,(:26) J.Flacco spiked the ball to stop the clock.,4.0,10.0,25.0,33.0,1.0,12.0,0:26,3.0,Pass Incompletion,,1st & 10,CIN 25,1st & 10 at CIN 25,10.0,25.0,33.0,1.0,25.0,1st & 10,CIN 25,1st & 10 at CIN 25,,,,0.43333333333333335,99.27777777777777,0.999,0.44,1.0
,,,508300,0.999,34.0,False,False,2.0,23.0,2018-09-14T03:47:03Z,2018-09-30T09:48Z,4010306905059.0,(:25) (Shotgun) J.Flacco pass short left to M.Williams to CIN 23 for 2 yards (H.Nickerson; D.Dennard).,4.0,10.0,25.0,33.0,2.0,25.0,0:25,24.0,Pass Reception,REC,3rd & 8,CIN 23,3rd & 8 at CIN 23,8.0,23.0,33.0,3.0,23.0,2nd & 10,CIN 25,2nd & 10 at CIN 25,,,,0.4166666666666667,99.30555555555556,0.999,0.44,1.0
,,,510500,0.999,34.0,False,False,0.0,23.0,2018-09-14T03:47:20Z,2018-09-30T09:48Z,4010306905083.0,(:09) J.Flacco spiked the ball to stop the clock.,4.0,8.0,23.0,33.0,3.0,12.0,0:08,3.0,Pass Incompletion,,1st & 10,CIN 23,1st & 10 at CIN 23,10.0,23.0,33.0,1.0,23.0,3rd & 8,CIN 23,3rd & 8 at CIN 23,,,,0.13333333333333333,99.77777777777777,0.999,0.44,1.0
,,,512900,1.0,34.0,False,False,11.0,23.0,2018-09-14T03:48:02Z,2018-09-30T09:48Z,4010306905105.0,(:08) (Shotgun) J.Flacco pass short middle to W.Snead IV to CIN 12 for 11 yards (S.Hubbard).,4.0,8.0,23.0,33.0,4.0,23.0,0:08,24.0,Pass Reception,REC,1st & 10,CIN 12,1st & 10 at CIN 12,10.0,12.0,33.0,1.0,11.0,4th & 8,CIN 23,4th & 8 at CIN 23,,,,0.13333333333333333,99.77777777777777,1.0,0.44,1.0
